编号,文本,拆分信息,时间,地点,术语,数量词,（粗粒度）分词,（细粒度）分词,词性,成分分析,简化模板,完整模板,简化模板线索词,完整模板线索词,简化模板类型,完整模板类型,（auto）时间,（auto）地点,（auto粗粒度）分词,（auto细粒度）分词,（auto）词性,（auto）成分分析
1-A,该船员拍摄照片时，P地的地方时为	22时,None,10,6,8,,该 船员 拍摄 照片 时 ， P地 的 地方时 为 22时,该 船员 拍摄 照片 时 ， P地 的 地方时 为 22时,DT NN VV NN LC PU loc DEG term VC time,,时间限定_0（该船员拍摄照片时）实体信息陈述_1（P地，地方时，22时）,时间限定_0（该船员拍摄照片时）实体信息陈述_1（P地，地方时，22时）,0_4 1_7-9,0_4 1_7-9,时间限定 实体信息陈述,时间限定 实体信息陈述,10,,该 船员 拍摄 照片 时 ， P地 的 地方 时 为 22时,该 船员 拍摄 照片 时 ， P地 的 地方 时 为 22时,DT NN VV NN LC PU loc DEG term VC time,( (IP (LCP (IP (NP (DP (DT 该)) (NP (NN 船员))) (VP (VV 拍摄) (NP (NN 照片)))) (LC 时)) (PU ，) (NP (DNP (NP (NR P地)) (DEG 的)) (NP (NN 地方时))) (VP (VC 为) (NP (NT 22时)))) )
1-B,该船员拍摄照片时，P地的地方时为	14时,None,10,6,8,,该 船员 拍摄 照片 时 ， P地 的 地方时 为 14时,该 船员 拍摄 照片 时 ， P地 的 地方时 为 14时,DT NN VV NN LC PU loc DEG term VC time,,时间限定_0（该船员拍摄照片时）实体信息陈述_1（P地，地方时，14时）,时间限定_0（该船员拍摄照片时）实体信息陈述_1（P地，地方时，14时）,0_4 1_7-9,0_4 1_7-9,时间限定 实体信息陈述,时间限定 实体信息陈述,10,,该 船员 拍摄 照片 时 ， P地 的 地方 时 为 14时,该 船员 拍摄 照片 时 ， P地 的 地方 时 为 14时,DT NN VV NN LC PU loc DEG term VC time,( (IP (LCP (IP (NP (DP (DT 该)) (NP (NN 船员))) (VP (VV 拍摄) (NP (NN 照片)))) (LC 时)) (PU ，) (NP (DNP (NP (NR P地)) (DEG 的)) (NP (NN 地方时))) (VP (VC 为) (NP (NT 14时)))) )
1-C,该船员拍摄照片时，P地的地方时为	20时,None,10,6,8,,该 船员 拍摄 照片 时 ， P地 的 地方时 为 20时,该 船员 拍摄 照片 时 ， P地 的 地方时 为 20时,DT NN VV NN LC PU loc DEG term VC time,,时间限定_0（该船员拍摄照片时）实体信息陈述_1（P地，地方时，20时）,时间限定_0（该船员拍摄照片时）实体信息陈述_1（P地，地方时，20时）,0_4 1_7-9,0_4 1_7-9,时间限定 实体信息陈述,时间限定 实体信息陈述,10,,该 船员 拍摄 照片 时 ， P地 的 地方 时 为 20时,该 船员 拍摄 照片 时 ， P地 的 地方 时 为 20时,DT NN VV NN LC PU loc DEG term VC time,( (IP (LCP (IP (NP (DP (DT 该)) (NP (NN 船员))) (VP (VV 拍摄) (NP (NN 照片)))) (LC 时)) (PU ，) (NP (DNP (NP (NR P地)) (DEG 的)) (NP (NN 地方时))) (VP (VC 为) (NP (NT 20时)))) )
1-D,该船员拍摄照片时，P地的地方时为	16时,None,10,6,8,,该 船员 拍摄 照片 时 ， P地 的 地方时 为 16时,该 船员 拍摄 照片 时 ， P地 的 地方时 为 16时,DT NN VV NN LC PU loc DEG term VC time,,时间限定_0（该船员拍摄照片时）实体信息陈述_1（P地，地方时，16时）,时间限定_0（该船员拍摄照片时）实体信息陈述_1（P地，地方时，16时）,0_4 1_7-9,0_4 1_7-9,时间限定 实体信息陈述,时间限定 实体信息陈述,10,,该 船员 拍摄 照片 时 ， P地 的 地方 时 为 16时,该 船员 拍摄 照片 时 ， P地 的 地方 时 为 16时,DT NN VV NN LC PU loc DEG term VC time,( (IP (LCP (IP (NP (DP (DT 该)) (NP (NN 船员))) (VP (VV 拍摄) (NP (NN 照片)))) (LC 时)) (PU ，) (NP (DNP (NP (NR P地)) (DEG 的)) (NP (NN 地方时))) (VP (VC 为) (NP (NT 16时)))) )
2-A,拍摄照片的当天，漠河的夜长约为	16小时,None,3 10,5,,,拍摄 照片 的 当天 ， 漠河 的 夜长 约 为 16小时,拍摄 照片 的 当天 ， 漠河 的 夜长 约 为 16 小时,VV NN DEG time PU loc DEG NN AD VC time,,时间限定_0（拍摄照片的当天）实体信息陈述_1（漠河，夜长，16小时）,时间限定_0（拍摄照片的当天）实体信息陈述_1（漠河，夜长，16小时）,0_3 1_6-9,0_3 1_6-9,时间限定 实体信息陈述,时间限定 实体信息陈述,3 10,,拍摄 照片 的 当天 ， 漠河 的 夜长 约 为 16小时,拍摄 照片 的 当天 ， 漠河 的 夜长 约 为 16 小时,VV NN DEG time PU loc DEG NN AD VC time,( (IP (NP (DNP (NP (CP (IP (VV 拍摄))) (NP (NN 照片))) (DEG 的)) (NP (NT 当天))) (PU ，) (NP (DNP (NP (NR 漠河)) (DEG 的)) (NP (NN 夜长))) (VP (ADVP (AD 约)) (VP (VC 为) (NP (NT 16小时))))) )
2-B,拍摄照片的当天，漠河的夜长约为	14小时,None,3 10,5,,,拍摄 照片 的 当天 ， 漠河 的 夜长 约 为 14小时,拍摄 照片 的 当天 ， 漠河 的 夜长 约 为 14 小时,VV NN DEG time PU loc DEG NN AD VC time,,时间限定_0（拍摄照片的当天）实体信息陈述_1（漠河，夜长，14小时）,时间限定_0（拍摄照片的当天）实体信息陈述_1（漠河，夜长，14小时）,0_3 1_6-9,0_3 1_6-9,时间限定 实体信息陈述,时间限定 实体信息陈述,3 10,,拍摄 照片 的 当天 ， 漠河 的 夜长 约 为 14小时,拍摄 照片 的 当天 ， 漠河 的 夜长 约 为 14 小时,VV NN DEG time PU loc DEG NN AD VC time,( (IP (NP (DNP (NP (CP (IP (VV 拍摄))) (NP (NN 照片))) (DEG 的)) (NP (NT 当天))) (PU ，) (NP (DNP (NP (NR 漠河)) (DEG 的)) (NP (NN 夜长))) (VP (ADVP (AD 约)) (VP (VC 为) (NP (NT 14小时))))) )
2-C,拍摄照片的当天，漠河的夜长约为	10小时,None,3 10,5,,,拍摄 照片 的 当天 ， 漠河 的 夜长 约 为 10小时,拍摄 照片 的 当天 ， 漠河 的 夜长 约 为 10 小时,VV NN DEG time PU loc DEG NN AD VC time,,时间限定_0（拍摄照片的当天）实体信息陈述_1（漠河，夜长，10小时）,时间限定_0（拍摄照片的当天）实体信息陈述_1（漠河，夜长，10小时）,0_3 1_6-9,0_3 1_6-9,时间限定 实体信息陈述,时间限定 实体信息陈述,3 10,,拍摄 照片 的 当天 ， 漠河 的 夜长 约 为 10小时,拍摄 照片 的 当天 ， 漠河 的 夜长 约 为 10 小时,VV NN DEG time PU loc DEG NN AD VC time,( (IP (NP (DNP (NP (CP (IP (VV 拍摄))) (NP (NN 照片))) (DEG 的)) (NP (NT 当天))) (PU ，) (NP (DNP (NP (NR 漠河)) (DEG 的)) (NP (NN 夜长))) (VP (ADVP (AD 约)) (VP (VC 为) (NP (NT 10小时))))) )
2-D,拍摄照片的当天，漠河的夜长约为	12小时,None,3 10,5,,,拍摄 照片 的 当天 ， 漠河 的 夜长 约 为 12小时,拍摄 照片 的 当天 ， 漠河 的 夜长 约 为 12 小时,VV NN DEG time PU loc DEG NN AD VC time,,时间限定_0（拍摄照片的当天）实体信息陈述_1（漠河，夜长，12小时）,时间限定_0（拍摄照片的当天）实体信息陈述_1（漠河，夜长，12小时）,0_3 1_6-9,0_3 1_6-9,时间限定 实体信息陈述,时间限定 实体信息陈述,3 10,,拍摄 照片 的 当天 ， 漠河 的 夜长 约 为 12小时,拍摄 照片 的 当天 ， 漠河 的 夜长 约 为 12 小时,VV NN DEG time PU loc DEG NN AD VC time,( (IP (NP (DNP (NP (CP (IP (VV 拍摄))) (NP (NN 照片))) (DEG 的)) (NP (NT 当天))) (PU ，) (NP (DNP (NP (NR 漠河)) (DEG 的)) (NP (NN 夜长))) (VP (ADVP (AD 约)) (VP (VC 为) (NP (NT 12小时))))) )
3-A,该船即将进入	巴拿马运河,None,,4,,,该 船 即将 进入 巴拿马运河,该 船 即将 进入 巴拿马 运河,DT NN AD VV loc,,实体信息陈述_0（该船，#，即将进入巴拿马运河）,实体信息陈述_0（该船，#，即将进入巴拿马运河）,0_2,0_2,实体信息陈述,实体信息陈述,,,该 船 即将 进入 巴拿马 运河,该 船 即将 进入 巴拿马运河,DT NN time VV loc,( (IP (NP (DP (DT 该)) (NP (NN 船))) (VP (ADVP (AD 即将)) (VP (VV 进入) (NP (NR 巴拿马运河))))) )
3-B,该船即将进入	麦哲伦海峡,None,,4,,,该 船 即将 进入 麦哲伦海峡,该 船 即将 进入 麦哲伦 海峡,DT NN AD VV loc,,实体信息陈述_0（该船，#，即将进入麦哲伦海峡）,实体信息陈述_0（该船，#，即将进入麦哲伦海峡）,0_2,0_2,实体信息陈述,实体信息陈述,,,该 船 即将 进入 麦哲伦 海峡,该 船 即将 进入 麦哲伦 海峡,DT NN time VV loc,( (IP (NP (DP (DT 该)) (NP (NN 船))) (VP (ADVP (AD 即将)) (VP (VV 进入) (NP (NR 麦哲伦海峡))))) )
3-C,该船即将进入	德雷克海峡,None,,4,,,该 船 即将 进入 德雷克海峡,该 船 即将 进入 德雷克 海峡,DT NN AD VV loc,,实体信息陈述_0（该船，#，即将进入德雷克海峡）,实体信息陈述_0（该船，#，即将进入德雷克海峡）,0_2,0_2,实体信息陈述,实体信息陈述,,,该 船 即将 进入 德雷克海峡,该 船 即将 进入 德雷克海峡,DT NN time VV loc,( (IP (NP (DP (DT 该)) (NP (NN 船))) (VP (ADVP (AD 即将)) (VP (VV 进入) (NP (NR 德雷克海峡))))) )
3-D,该船即将进入	直布罗陀海峡,None,,4,,,该 船 即将 进入 直布罗陀海峡,该 船 即将 进入 直布罗陀 海峡,DT NN AD VV loc,,实体信息陈述_0（该船，#，即将进入直布罗陀海峡）,实体信息陈述_0（该船，#，即将进入直布罗陀海峡）,0_2,0_2,实体信息陈述,实体信息陈述,,,该 船 即将 进入 直布罗陀海峡,该 船 即将 进入 直布罗陀海峡,DT NN time VV loc,( (IP (NP (DP (DT 该)) (NP (NN 船))) (VP (ADVP (AD 即将)) (VP (VV 进入) (NP (NR 直布罗陀海峡))))) )
4-A,此时世界各地可能出现的现象是	美国中部小麦黄熟,None,0,8,,,此时 世界 各地 可能 出现 的 现象 是 美国中部 小麦 黄熟,此时 世界 各地 可能 出现 的 现象 是 美国 中部 小麦 黄熟,time NN NN VV VV DEC NN VC loc NN VA,,时间限定_0（此时）实体信息陈述_1（美国中部，#，小麦黄熟）,时间限定_0（此时）实体信息陈述_1（美国中部，#，小麦黄熟）,0_0 1_8,0_0 1_8,时间限定 实体信息陈述,时间限定 实体信息陈述,,,此时 世界 各 地 可能 出现 的 现象 是 美国 中部 小麦 黄熟,此时 世界 各 地 可能 出现 的 现象 是 美国 中部 小麦 黄熟,time NN NN VV VV DEC NN VC loc NN VA,( (IP (NP (CP (IP (NP (NT 此时)) (NP (NN 世界) (NN 各地)) (VP (VV 可能) (VP (VV 出现)))) (DEC 的)) (NP (NN 现象))) (VP (VC 是) (IP (NP (NR 美国中部)) (NP (NN 小麦)) (VP (VA 黄熟))))) )
4-B,此时世界各地可能出现的现象是	中国江淮流域干热,None,0,8,,,此时 世界 各地 可能 出现 的 现象 是 中国江淮流域 干热,此时 世界 各地 可能 出现 的 现象 是 中国 江淮 流域 干热,time NN NN VV VV DEC NN VC loc VA,,时间限定_0（此时）实体信息陈述_1（中国江淮流域，#，干热）,时间限定_0（此时）实体信息陈述_1（中国江淮流域，#，干热）,0_0 1_8,0_0 1_8,时间限定 实体信息陈述,时间限定 实体信息陈述,,,此时 世界 各 地 可能 出现 的 现象 是 中国 江淮 流域 干热,此时 世界 各 地 可能 出现 的 现象 是 中国 江淮 流域 干热,time NN NN VV VV DEC NN VC loc NN,( (IP (NP (CP (IP (NP (NT 此时)) (NP (NN 世界) (NN 各地)) (VP (VV 可能) (VP (VV 出现)))) (DEC 的)) (NP (NN 现象))) (VP (VC 是) (IP (NP (NR 中国江淮流域)) (VP (VA 干热))))) )
4-C,此时世界各地可能出现的现象是	地中海北岸连日阴雨,None,0,8,,,此时 世界 各地 可能 出现 的 现象 是 地中海北岸 连日 阴雨,此时 世界 各地 可能 出现 的 现象 是 地中海 北岸 连日 阴雨,time NN NN VV VV DEC NN VC loc NT NN,,时间限定_0（此时）实体信息陈述_1（地中海北岸，#，连日阴雨）,时间限定_0（此时）实体信息陈述_1（地中海北岸，#，连日阴雨）,0_0 1_8,0_0 1_8,时间限定 实体信息陈述,时间限定 实体信息陈述,,,此时 世界 各 地 可能 出现 的 现象 是 地中海北岸 连日 阴雨,此时 世界 各 地 可能 出现 的 现象 是 地中海 北岸 连日 阴雨,time NN NN VV VV DEC NN VC loc NT NN,( (IP (NP (CP (IP (NP (NT 此时)) (NP (NN 世界) (NN 各地)) (VP (VV 可能) (VP (VV 出现)))) (DEC 的)) (NP (NN 现象))) (VP (VC 是) (NP (NP (NR 地中海北岸)) (NP (NT 连日) (NN 阴雨))))) )
4-D,此时世界各地可能出现的现象是	拉普拉塔河正值枯水期,None,0,8,10,,此时 世界 各地 可能 出现 的 现象 是 拉普拉塔河 正值 枯水期,此时 世界 各地 可能 出现 的 现象 是 拉普拉塔河 正值 枯水期,time NN NN VV VV DEC NN VC loc VV term,,时间限定_0（此时）实体信息陈述_1（拉普拉塔河，#，枯水期）,时间限定_0（此时）实体信息陈述_1（拉普拉塔河，#，枯水期）,0_0 1_8-9,0_0 1_8-9,时间限定 实体信息陈述,时间限定 实体信息陈述,,,此时 世界 各 地 可能 出现 的 现象 是 拉普拉 塔河 正值 枯水 期,此时 世界 各 地 可能 出现 的 现象 是 拉普 拉 塔河 正值 枯水 期,time NN NN VV VV DEC NN VC loc JJ term,( (IP (NP (CP (IP (NP (NT 此时)) (NP (NN 世界) (NN 各地)) (VP (VV 可能) (VP (VV 出现)))) (DEC 的)) (NP (NN 现象))) (VP (VC 是) (IP (NP (NR 拉普拉塔河)) (VP (VV 正值) (NP (NN 枯水期)))))) )
5-A,图2中①地所处的自然带是	热带雨林带,None,,2,5 7,,图2 中 ①地 所处 的 自然带 是 热带雨林带,图2 中 ①地 所处 的 自然带 是 热带 雨林 带,NN LC loc VV DEC term VC term,,位于_0（图2中①地，热带雨林带）,位于_0（图2中①地，热带雨林带）,0_3-4,0_3-4,位于,位于,2,,图2 中 ①地 所处 的 自然带 是 热带雨林带,图2 中 ①地 所处 的 自然带 是 热带雨林带,NN LC loc NN DEG term VC term,( (IP (NP (LCP (NP (NN 图2)) (LC 中)) (CP (IP (NP (NR ①地)) (VP (VV 所处))) (DEC 的)) (NP (NN 自然带))) (VP (VC 是) (NP (NN 热带雨林带)))) )
5-B,图2中①地所处的自然带是	热带草原带,None,,2,5 7,,图2 中 ①地 所处 的 自然带 是 热带草原带,图2 中 ①地 所处 的 自然带 是 热带 草原 带,NN LC loc VV DEC term VC term,,位于_0（图2中①地，热带草原带）,位于_0（图2中①地，热带草原带）,0_3-4,0_3-4,位于,位于,2,,图2 中 ①地 所处 的 自然带 是 热带草原带,图2 中 ①地 所处 的 自然带 是 热带草原带,NN LC loc NN DEG term VC term,( (IP (NP (LCP (NP (NN 图2)) (LC 中)) (CP (IP (NP (NR ①地)) (VP (VV 所处))) (DEC 的)) (NP (NN 自然带))) (VP (VC 是) (NP (NN 热带草原带)))) )
5-C,图2中①地所处的自然带是	热带沙漠带,None,,2,5 7,,图2 中 ①地 所处 的 自然带 是 热带沙漠带,图2 中 ①地 所处 的 自然带 是 热带 沙漠 带,NN LC loc VV DEC term VC term,,位于_0（图2中①地，热带沙漠带）,位于_0（图2中①地，热带沙漠带）,0_3-4,0_3-4,位于,位于,2,,图2 中 ①地 所处 的 自然带 是 热带沙漠带,图2 中 ①地 所处 的 自然带 是 热带沙漠带,NN LC loc NN DEG term VC term,( (IP (NP (LCP (NP (NN 图2)) (LC 中)) (CP (IP (NP (NR ①地)) (VP (VV 所处))) (DEC 的)) (NP (NN 自然带))) (VP (VC 是) (NP (NN 热带沙漠带)))) )
5-D,图2中①地所处的自然带是	热带季雨林带,None,,2,5 7,,图2 中 ①地 所处 的 自然带 是 热带季雨林带,图2 中 ①地 所处 的 自然带 是 热带 季雨林 带,NN LC loc VV DEC term VC term,,位于_0（图2中①地，热带季雨林带）,位于_0（图2中①地，热带季雨林带）,0_3-4,0_3-4,位于,位于,2,7,图2 中 ①地 所处 的 自然带 是 热带季雨林带,图2 中 ①地 所处 的 自然带 是 热带季雨林带,NN LC loc NN DEG term VC term,( (IP (NP (LCP (NP (NN 图2)) (LC 中)) (CP (IP (NP (NR ①地)) (VP (VV 所处))) (DEC 的)) (NP (NN 自然带))) (VP (VC 是) (NP (NN 热带季雨林带)))) )
6-A,图2中①②③三地自然条件相比较	②地降水最多,None,,2 7,,,图2 中 ①②③三地 自然 条件 相 比较 ②地 降水 最 多,图2 中 ① ② ③ 三 地 自然 条件 相 比较 ②地 降水 最 多,NN LC loc NN NN AD VV loc VV AD VA,,最值_0（②地，自然条件，降水最多，图2中①②③三地）,最值_0（②地，自然条件，降水最多，图2中①②③三地）,0_6-9,0_6-9,最值,最值,7,,图2 中 ① ② ③ 三 地 自然 条件 相 比较 ②地 降水 最多,图2 中 ① ② ③ 三 地 自然 条件 相 比较 ②地 降水 最多,NN LC loc NN NN AD VV loc VV CD,( (IP (IP (LCP (NN 图2) (LC 中)) (NP (NP (NR ①②③三地)) (NP (NN 自然) (NN 条件))) (VP (ADVP (AD 相)) (VP (VV 比较)))) (NP (NR ②地)) (VP (VP (VV 降水)) (VP (ADVP (AD 最)) (VP (VA 多))))) )
6-B,图2中①②③三地自然条件相比较	只有③地的植被为森林,None,,2 8,10,,图2 中 ①②③三地 自然 条件 相 比较 只有 ③地 的 植被 为 森林,图2 中 ① ② ③ 三 地 自然 条件 相 比较 只有 ③地 的 植被 为 森林,NN LC loc NN NN AD VV AD loc DEG term VC NN,,最值_0（②地，自然条件，植被为森林，图2中①②③三地）,最值_0（②地，自然条件，植被为森林，图2中①②③三地）,0_6-7,0_6-7,最值,最值,8,,图2 中 ① ② ③ 三 地 自然 条件 相 比较 只有 ③地 的 植被 为 森林,图2 中 ① ② ③ 三 地 自然 条件 相 比较 只有 ③地 的 植被 为 森林,NN LC loc NN NN AD VV AD loc DEG term VC NN,( (IP (IP (LCP (NN 图2) (LC 中)) (NP (NP (NR ①②③三地)) (NP (NN 自然) (NN 条件))) (VP (ADVP (AD 相)) (VP (VV 比较)))) (ADVP (AD 只有)) (NP (DNP (NP (NR ③地)) (DEG 的)) (NP (NN 植被))) (VP (VC 为) (NP (NN 森林)))) )
6-C,图2中①②③三地自然条件相比较	①地年均温最低,None,,2 7,,,图2 中 ①②③三地 自然 条件 相 比较 ①地 年均 温 最 低,图2 中 ① ② ③ 三 地 自然 条件 相 比较 ①地 年均 温 最 低,NN LC loc NN NN AD VV loc JJ NN AD VA,,最值_0（②地，自然条件，年均温最低，图2中①②③三地）,最值_0（②地，自然条件，年均温最低，图2中①②③三地）,0_6-10,0_6-10,最值,最值,7,,图2 中 ① ② ③ 三 地 自然 条件 相 比较 ①地 年均 温 最 低,图2 中 ① ② ③ 三 地 自然 条件 相 比较 ①地 年均 温 最 低,NN LC loc NN NN AD VV loc JJ NN VV,( (IP (NP (CP (IP (LCP (NP (NN 图2)) (LC 中)) (NP (NP (NR ①②③三地)) (NP (NN 自然) (NN 条件))) (VP (ADVP (AD 相)) (VP (VV 比较))))) (NP (NR ①地)) (ADJP (JJ 年均)) (NP (NN 温))) (VP (ADVP (AD 最)) (VP (VA 低)))) )
6-D,图2中①②③三地自然条件相比较	②、③两地均受暖流影响,None,,2 7,10,,图2 中 ①②③三地 自然 条件 相 比较 ②、③两地 均 受 暖流 影响,图2 中 ① ② ③ 三 地 自然 条件 相 比较 ② 、 ③ 两地 均 受 暖流 影响,NN LC loc NN NN AD VV loc AD VV term NN,,分布_0（②、③两地，图2中①②③三地，均受暖流影响）,分布_0（②、③两地，图2中①②③三地，均受暖流影响）,0_8,0_8,分布,分布,,,图2 中 ① ② ③ 三 地 自然 条件 相 比较 ② 、 ③ 两地 均 受 暖流 影响,图2 中 ① ② ③ 三 地 自然 条件 相 比较 ② 、 ③ 两地 均 受 暖流 影响,NN LC loc NN NN AD VV loc AD VV term NN,( (IP (NP (CP (IP (LCP (NP (NN 图2)) (LC 中)) (NP (NP (NR ①②③三地)) (NP (NN 自然) (NN 条件))) (VP (ADVP (AD 相)) (VP (VV 比较))))) (NP (NR ②、③两地))) (VP (ADVP (AD 均)) (VP (VV 受) (NP (NN 暖流) (NN 影响))))) )
7-A,在此期间，能源生产与消费结构的变化为	煤炭消费量的比重增加最多,None,2,,,,在 此 期间 ， 能源 生产 与 消费 结构 的 变化 为 煤炭 消费量 的 比重 增加 最 多,在 此 期间 ， 能源 生产 与 消费 结构 的 变化 为 煤炭 消费量 的 比重 增加 最 多,P PN time PU NN NN CC NN NN DEG NN VC NN NN DEC NN VV AD VA,,时间限定_0（在此期间）趋势_1（能源生产与消费结构，煤炭消费量，，比重增加最多）,时间限定_0（在此期间）趋势_1（能源生产与消费结构，煤炭消费量，，比重增加最多）,0_2 1_10,0_2 1_10,时间限定 趋势,时间限定 趋势,,,在 此 期间 ， 能源 生产 与 消费 结构 的 变化 为 煤炭 消费量 的 比重 增加 最多,在 此 期间 ， 能源 生产 与 消费 结构 的 变化 为 煤炭 消费量 的 比重 增加 最多,P PN time PU NN NN CC NN NN DEG NN VC NN NN DEC NN VV CD,( (IP (NP (PP (P 在) (NP (PN 此))) (NP (NT 期间))) (PU ，) (NP (CP (IP (NP (DNP (NP (NN 能源) (NN 生产) (CC 与) (NN 消费) (NN 结构)) (DEG 的)) (NP (NN 变化))) (VP (VC 为) (NP (NN 煤炭) (NN 消费量)))) (DEC 的)) (NP (NN 比重))) (VP (VV 增加) (VP (ADVP (AD 最)) (VP (VA 多))))) )
7-B,在此期间，能源生产与消费结构的变化为	天然气生产量的比重变幅最大,None,2,,,,在 此 期间 ， 能源 生产 与 消费 结构 的 变化 为 天然气 生产量 的 比重 变幅 最 大,在 此 期间 ， 能源 生产 与 消费 结构 的 变化 为 天然气 生产量 的 比重 变幅 最 大,P PN time PU NN NN CC NN NN DEG NN VC NN NN DEC NN NN AD VA,,时间限定_0（在此期间）趋势_1（能源生产与消费结构，天然气生产量，，比重变幅最大）,时间限定_0（在此期间）趋势_1（能源生产与消费结构，天然气生产量，，比重变幅最大）,0_2 1_10,0_2 1_10,时间限定 趋势,时间限定 趋势,,,在 此 期间 ， 能源 生产 与 消费 结构 的 变化 为 天然气 生产量 的 比重 变幅 最 大,在 此 期间 ， 能源 生产 与 消费 结构 的 变化 为 天然气 生产量 的 比重 变幅 最 大,P PN time PU NN NN CC NN NN DEG NN VC NN NN DEC NN NN JJ,( (IP (NP (PP (P 在) (NP (PN 此))) (NP (NT 期间))) (PU ，) (NP (CP (IP (NP (DNP (NP (NN 能源) (NN 生产) (CC 与) (NN 消费) (NN 结构)) (DEG 的)) (NP (NN 变化))) (VP (VC 为) (NP (NN 天然气) (NN 生产量)))) (DEC 的)) (NP (NN 比重))) (NP (NN 变幅)) (VP (ADVP (AD 最)) (VP (VA 大)))) )
7-C,在此期间，能源生产与消费结构的变化为	1995年，煤炭生产量所占比重低于其消费量所占比重,n,2 12,,,,在 此 期间 ， 能源 生产 与 消费 结构 的 变化 为 1995年 ， 煤炭 生产量 所 占 比重 低于 其 消费量 所 占 比重,在 此 期间 ， 能源 生产 与 消费 结构 的 变化 为 1995年 ， 煤炭 生产量 所 占 比重 低于 其 消费量 所 占 比重,P PN time PU NN NN CC NN NN DEG NN VC time PU NN NN MSP VV NN VV PN NN MSP VV NN,,时间限定_0（在此期间）时间限定_1（1995年）趋势_2（能源生产与消费结构，，，煤炭生产量所占比重低于其消费量所占比重）,时间限定_0（在此期间）时间限定_1（1995年）趋势_2（能源生产与消费结构，，，比较_3（煤炭，，生产量所占比重，消费量所占比重，低））,0_2 1_12 2_10,0_2 1_12 2_10 3_19,时间限定 趋势,时间限定 趋势 比较,10,,在 此 期间 ， 能源 生产 与 消费 结构 的 变化 为 1995年 ， 煤炭 生产量 所 占 比重 低于 其 消费量 所 占 比重,在 此 期间 ， 能源 生产 与 消费 结构 的 变化 为 1995年 ， 煤炭 生产量 所 占 比重 低于 其 消费量 所 占 比重,P PN time PU NN NN CC NN NN DEG NN VC time PU NN NN MSP VV NN VV PN NN MSP VV NN,( (IP (IP (NP (PP (P 在) (NP (PN 此))) (NP (NT 期间))) (PU ，) (NP (DNP (NP (NN 能源) (NN 生产) (CC 与) (NN 消费) (NN 结构)) (DEG 的)) (NP (NN 变化))) (VP (VC 为) (NP (NT 1995年)))) (PU ，) (NP (CP (IP (NP (NN 煤炭) (NN 生产量)) (VP (MSP 所) (VP (VV 占))))) (NP (NN 比重))) (VP (VV 低于) (NP (CP (IP (NP (NP (PN 其)) (NP (NN 消费量))) (VP (MSP 所) (VP (VV 占))))) (NP (NN 比重))))) )
7-D,在此期间，能源生产与消费结构的变化为	1994年，石油生产量和消费量所占比重相近,n,2 12,,,,在 此 期间 ， 能源 生产 与 消费 结构 的 变化 为 1994年 ， 石油 生产量 和 消费量 所 占 比重 相近,在 此 期间 ， 能源 生产 与 消费 结构 的 变化 为 1994年 ， 石油 生产量 和 消费量 所 占 比重 相近,P PN time PU NN NN CC NN NN DEG NN VC time PU NN NN CC NN MSP VV NN VV,,时间限定_0（在此期间）时间限定_1（1994年）趋势_2（能源生产与消费结构，，，石油生产量和消费量所占比重相近）,时间限定_0（在此期间）时间限定_1（1994年）趋势_2（能源生产与消费结构，，，比较_3（石油，，生产量所占比重，消费量所占比重，相近））,0_2 1_12 2_10,0_2 1_12 2_10 3_21,时间限定 趋势,时间限定 趋势 比较,10,,在 此 期间 ， 能源 生产 与 消费 结构 的 变化 为 1994年 ， 石油 生产量 和 消费量 所 占 比重 相近,在 此 期间 ， 能源 生产 与 消费 结构 的 变化 为 1994年 ， 石油 生产量 和 消费量 所 占 比重 相近,P PN time PU NN NN CC NN NN DEG NN VC time PU NN NN CC NN MSP VV NN VV,( (IP (IP (NP (PP (P 在) (NP (PN 此))) (NP (NT 期间))) (PU ，) (NP (DNP (NP (NN 能源) (NN 生产) (CC 与) (NN 消费) (NN 结构)) (DEG 的)) (NP (NN 变化))) (VP (VC 为) (NP (NT 1994年)))) (PU ，) (NP (CP (IP (NP (NN 石油) (NN 生产量) (CC 和) (NN 消费量)) (VP (MSP 所) (VP (VV 占))))) (NP (NN 比重))) (VP (VV 相近))) )
8-A,2000年消费量超过生产量20％以上的能源种类有	煤炭、石油,None,0,,,4,2000年 消费量 超过 生产量 20％ 以上 的 能源 种类 有 煤炭 、 石油,2000年 消费量 超过 生产量 20％ 以上 的 能源 种类 有 煤炭 、 石油,time NN VV NN num LC DEG NN NN VE NN PU NN,,时间限定_2（2000年）匹配_0（消费量超过生产量20％以上的能源种类，煤炭）匹配_1（2000年消费量超过生产量20％以上的能源种类有，石油）,时间限定_2（2000年）匹配_0（消费量超过生产量20％以上的能源种类，煤炭）匹配_1（2000年消费量超过生产量20％以上的能源种类有，石油）,0_8 1_11 2_0,0_8 1_11 2_0,匹配 时间限定,匹配 时间限定,0,,2000年 消费量 超过 生产量 20％ 以上 的 能源 种类 有 煤炭 、 石油,2000年 消费量 超过 生产量 20％ 以上 的 能源 种类 有 煤炭 、 石油,time NN VV NN num LC DEG NN NN VE NN PU NN,( (IP (NP (NT 2000年) (NN 消费量)) (VP (VP (VV 超过) (NP (DNP (LCP (QP (NP (NN 生产量)) (QP (CD 20％))) (LC 以上)) (DEG 的)) (NP (NN 能源) (NN 种类)))) (VP (VE 有) (NP (NN 煤炭) (PU 、) (NN 石油))))) )
8-B,2000年消费量超过生产量20％以上的能源种类有	石油、水电,None,0,,,4,2000年 消费量 超过 生产量 20％ 以上 的 能源 种类 有 石油 、 水电,2000年 消费量 超过 生产量 20％ 以上 的 能源 种类 有 石油 、 水电,time NN VV NN num LC DEG NN NN VE NN PU NN,,时间限定_2（2000年）匹配_0（消费量超过生产量20％以上的能源种类，石油）匹配_1（2000年消费量超过生产量20％以上的能源种类有，水电）,时间限定_2（2000年）匹配_0（消费量超过生产量20％以上的能源种类，石油）匹配_1（2000年消费量超过生产量20％以上的能源种类有，水电）,0_8 1_11 2_0,0_8 1_11 2_0,匹配 时间限定,匹配 时间限定,0,,2000年 消费量 超过 生产量 20％ 以上 的 能源 种类 有 石油 、 水电,2000年 消费量 超过 生产量 20％ 以上 的 能源 种类 有 石油 、 水电,time NN VV NN num LC DEG NN NN VE NN PU NN,( (IP (NP (NT 2000年) (NN 消费量)) (VP (VP (VV 超过) (NP (DNP (LCP (QP (NP (NN 生产量)) (QP (CD 20％))) (LC 以上)) (DEG 的)) (NP (NN 能源) (NN 种类)))) (VP (VE 有) (NP (NN 石油) (PU 、) (NN 水电))))) )
8-C,2000年消费量超过生产量20％以上的能源种类有	水电、天然气,None,0,,,4,2000年 消费量 超过 生产量 20％ 以上 的 能源 种类 有 水电 、 天然气,2000年 消费量 超过 生产量 20％ 以上 的 能源 种类 有 水电 、 天然气,time NN VV NN num LC DEG NN NN VE NN PU NN,,时间限定_2（2000年）匹配_0（消费量超过生产量20％以上的能源种类，水电）匹配_1（2000年消费量超过生产量20％以上的能源种类有，天然气）,时间限定_2（2000年）匹配_0（消费量超过生产量20％以上的能源种类，水电）匹配_1（2000年消费量超过生产量20％以上的能源种类有，天然气）,0_8 1_11 2_0,0_8 1_11 2_0,匹配 时间限定,匹配 时间限定,0,,2000年 消费量 超过 生产量 20％ 以上 的 能源 种类 有 水电 、 天然 气,2000年 消费量 超过 生产量 20％ 以上 的 能源 种类 有 水电 、 天然 气,time NN VV NN num LC DEG NN NN VE NN PU NN,( (IP (NP (NT 2000年) (NN 消费量)) (VP (VP (VV 超过) (NP (DNP (LCP (QP (NP (NN 生产量)) (QP (CD 20％))) (LC 以上)) (DEG 的)) (NP (NN 能源) (NN 种类)))) (VP (VE 有) (NP (NN 水电) (PU 、) (NN 天然气))))) )
8-D,2000年消费量超过生产量20％以上的能源种类有	天然气、煤炭,None,0,,,4,2000年 消费量 超过 生产量 20％ 以上 的 能源 种类 有 天然气 、 煤炭,2000年 消费量 超过 生产量 20％ 以上 的 能源 种类 有 天然气 、 煤炭,time NN VV NN num LC DEG NN NN VE NN PU NN,,时间限定_2（2000年）匹配_0（消费量超过生产量20％以上的能源种类，天然气）匹配_1（2000年消费量超过生产量20％以上的能源种类有，煤炭）,时间限定_2（2000年）匹配_0（消费量超过生产量20％以上的能源种类，天然气）匹配_1（2000年消费量超过生产量20％以上的能源种类有，煤炭）,0_8 1_11 2_0,0_8 1_11 2_0,匹配 时间限定,匹配 时间限定,0,,2000年 消费量 超过 生产量 20％ 以上 的 能源 种类 有 天然气 、 煤炭,2000年 消费量 超过 生产量 20％ 以上 的 能源 种类 有 天然气 、 煤炭,time NN VV NN num LC DEG NN NN VE NN PU NN,( (IP (NP (NT 2000年) (NN 消费量)) (VP (VP (VV 超过) (NP (DNP (LCP (QP (NP (NN 生产量)) (QP (CD 20％))) (LC 以上)) (DEG 的)) (NP (NN 能源) (NN 种类)))) (VP (VE 有) (NP (NN 天然气) (PU 、) (NN 煤炭))))) )
9-A,我国目前	以煤炭消费为主的状况已经改变,None,1,,,,我国 目前 以 煤炭 消费 为主 的 状况 已经 改变,我国 目前 以 煤炭 消费 为主 的 状况 已经 改变,NR time P NN NN VV DEC NN AD VV,,时间限定_0（目前）实体信息陈述_1（我国，，以煤炭消费为主的状况已经改变）,时间限定_0（目前）实体信息陈述_1（我国，，以煤炭消费为主的状况已经改变）,0_1 1_0,0_1 1_0,时间限定 实体信息陈述,时间限定 实体信息陈述,1,,我国 目前 以 煤炭 消费 为主 的 状况 已经 改变,我国 目前 以 煤炭 消费 为主 的 状况 已经 改变,NR time P NN NN VV DEC NN AD VV,( (IP (NP (NR 我国)) (NP (NP (NT 目前)) (CP (IP (VP (PP (P 以) (NP (NN 煤炭) (NN 消费))) (VP (VV 为主)))) (DEC 的)) (NP (NN 状况))) (VP (ADVP (AD 已经)) (VP (VV 改变)))) )
9-B,我国目前	天然气消费呈下降趋势,None,1,,,,我国 目前 天然气 消费 呈 下降 趋势,我国 目前 天然气 消费 呈 下降 趋势,NR time NN NN VV VV NN,,时间限定_0（目前）趋势_1（我国，天然气消费，，下降趋势）,时间限定_0（目前）趋势_1（我国，天然气消费，，下降趋势）,0_1 1_6,0_1 1_6,时间限定 趋势,时间限定 趋势,1,,我国 目前 天然气 消费 呈 下降 趋势,我国 目前 天然气 消费 呈 下降 趋势,NR time NN NN VV VV NN,( (IP (NP (NP (NR 我国)) (NP (NT 目前)) (NP (NN 天然气) (NN 消费))) (VP (VV 呈) (NP (IP (VP (VV 下降))) (NP (NN 趋势))))) )
9-C,我国目前	因消费量少于生产量，原油可以大量出口,n,1,,,,我国 目前 因 消费量 少于 生产量 ， 原油 可以 大量 出口,我国 目前 因 消费量 少于 生产量 ， 原油 可以 大量 出口,NR time P NN VV NN PU NN VV CD NN,,时间限定_0（目前）因果_1（因消费量少于生产量，我国原油可以大量出口）,时间限定_0（目前）因果_1（因消费量少于生产量，我国原油可以大量出口）,0_1 1_2,0_1 1_2,时间限定 因果,时间限定 因果,1,,我国 目前 因 消费量 少于 生产量 ， 原油 可以 大量 出,我国 目前 因 消费量 少于 生产量 ， 原油 可以 大量 出,NR time P NN VV NN PU NN VV CD NN,( (IP (IP (NP (NR 我国)) (VP (NP (NT 目前)) (PP (P 因) (NP (NN 消费量))) (VP (VV 少于) (NP (NN 生产量))))) (PU ，) (NP (NN 原油)) (VP (VV 可以) (NP (QP (CD 大量)) (NP (NN 出口))))) )
9-D,我国目前	水电生产呈增加的趋势,None,1,,,,我国 目前 水电 生产 呈 增加 的 趋势,我国 目前 水电 生产 呈 增加 的 趋势,NR time NN NN VV VV DEC NN,,时间限定_0（目前）趋势_1（我国，水电，，增加的趋势）,时间限定_0（目前）趋势_1（我国，水电，，增加的趋势）,0_1 1_7,0_1 1_7,时间限定 趋势,时间限定 趋势,1,,我国 目前 水电 生产 呈 增加 的 趋势,我国 目前 水电 生产 呈 增加 的 趋势,NR time NN NN VV VV DEC NN,( (IP (NP (NP (NR 我国)) (NP (NT 目前)) (NP (NN 水电) (NN 生产))) (VP (VV 呈) (NP (CP (IP (VP (VV 增加))) (DEC 的)) (NP (NN 趋势))))) )
10-A,长江三角洲地区与城市带发育不相关的自然因素是	气候温和湿润,None,,0,2,,长江三角洲地区 与 城市带 发育 不 相关 的 自然 因素 是 气候 温和 湿润,长江 三角洲 地区 与 城市带 发育 不 相关 的 自然 因素 是 气候 温和 湿润,loc CC term VV AD VA DEC NN NN VC NN VA VA,,一般陈述_0（长江三角洲地区与城市带发育不相关的自然因素是气候温和湿润）,一般陈述_0（长江三角洲地区与城市带发育不相关的自然因素是气候温和湿润）,,,一般陈述,一般陈述,,,长江三角洲 地区 与 城市 带 发育 不 相关 的 自然 因素 是 气候 温和 湿润,长江三角洲 地区 与 城市 带 发育 不 相关 的 自然 因素 是 气候 温和 湿润,loc CC term VV AD VA DEC NN NN VC NN VA VA,( (IP (NP (NR 长江三角洲地区) (CC 与) (NN 城市带)) (VP (VV 发育) (IP (NP (CP (IP (VP (ADVP (AD 不)) (VP (VA 相关)))) (DEC 的)) (NP (NN 自然) (NN 因素))) (VP (VC 是) (IP (NP (NN 气候)) (VP (VCD (VA 温和) (VA 湿润)))))))) )
10-B,长江三角洲地区与城市带发育不相关的自然因素是	河网密集,None,,0,2,,长江三角洲地区 与 城市带 发育 不 相关 的 自然 因素 是 河网 密集,长江 三角洲 地区 与 城市带 发育 不 相关 的 自然 因素 是 河网 密集,loc CC term VV AD VA DEC NN NN VC NN VA,,一般陈述_0（长江三角洲地区与城市带发育不相关的自然因素是河网密集）,一般陈述_0（长江三角洲地区与城市带发育不相关的自然因素是河网密集）,,,一般陈述,一般陈述,,,长江三角洲 地区 与 城市 带 发育 不 相关 的 自然 因素 是 河网 密集,长江三角洲 地区 与 城市 带 发育 不 相关 的 自然 因素 是 河网 密集,loc CC term VV AD VA DEC NN NN VC NN VA,( (IP (NP (NR 长江三角洲地区) (CC 与) (NN 城市带)) (VP (VV 发育) (IP (NP (CP (IP (VP (ADVP (AD 不)) (VP (VA 相关)))) (DEC 的)) (NP (NN 自然) (NN 因素))) (VP (VC 是) (IP (NP (NN 河网)) (VP (VA 密集))))))) )
10-C,长江三角洲地区与城市带发育不相关的自然因素是	矿产资源丰富,None,,0,2,,长江三角洲地区 与 城市带 发育 不 相关 的 自然 因素 是 矿产 资源 丰富,长江 三角洲 地区 与 城市带 发育 不 相关 的 自然 因素 是 矿产 资源 丰富,loc CC term VV AD VA DEC NN NN VC NN NN VA,,一般陈述_0（长江三角洲地区与城市带发育不相关的自然因素是矿产资源丰富）,一般陈述_0（长江三角洲地区与城市带发育不相关的自然因素是矿产资源丰富）,,,一般陈述,一般陈述,,,长江三角洲 地区 与 城市 带 发育 不 相关 的 自然 因素 是 矿产 资源 丰富,长江三角洲 地区 与 城市 带 发育 不 相关 的 自然 因素 是 矿产 资源 丰富,loc CC term VV AD VA DEC NN NN VC NN NN VA,( (IP (NP (NR 长江三角洲地区) (CC 与) (NN 城市带)) (VP (VV 发育) (IP (NP (CP (IP (VP (ADVP (AD 不)) (VP (VA 相关)))) (DEC 的)) (NP (NN 自然) (NN 因素))) (VP (VC 是) (IP (NP (NN 矿产) (NN 资源)) (VP (VA 丰富))))))) )
10-D,长江三角洲地区与城市带发育不相关的自然因素是	临江面海的地理位置,None,,0,2,,长江三角洲地区 与 城市带 发育 不 相关 的 自然 因素 是 临 江 面 海 的 地理 位置,长江 三角洲 地区 与 城市带 发育 不 相关 的 自然 因素 是 临 江 面 海 的 地理 位置,loc CC term VV AD VA DEC NN NN VC VV NN VV NN DEC NN NN,,一般陈述_0（长江三角洲地区与城市带发育不相关的自然因素是临江面海的地理位置）,一般陈述_0（长江三角洲地区与城市带发育不相关的自然因素是临江面海的地理位置）,,,一般陈述,一般陈述,,,长江三角洲 地区 与 城市 带 发育 不 相关 的 自然 因素 是 临江 面海 的 地理 位置,长江三角洲 地区 与 城市 带 发育 不 相关 的 自然 因素 是 临江 面海 的 地理 位置,loc CC term VV AD VA DEC NN NN VC VV NN DEG NN NN,( (IP (NP (NR 长江三角洲地区) (CC 与) (NN 城市带)) (VP (VV 发育) (IP (NP (CP (IP (VP (ADVP (AD 不)) (VP (VA 相关)))) (DEC 的)) (NP (NN 自然) (NN 因素))) (VP (VC 是) (NP (CP (IP (VP (VP (VV 临) (NP (NN 江))) (VP (VV 面) (NP (NN 海))))) (DEC 的)) (NP (NN 地理) (NN 位置))))))) )
11-A,该地区经济高速增长的根本原因是	市场机制比较成熟,None,,,,,该 地区 经济 高速 增长 的 根本 原因 是 市场 机制 比较 成熟,该 地区 经济 高速 增长 的 根本 原因 是 市场 机制 比较 成熟,DT NN NN JJ NN DEG NN NN VC NN NN AD VA,,因果_0（市场机制比较成熟，该地区经济高速增长）,因果_0（市场机制比较成熟，该地区经济高速增长）,0_6-7,0_6-7,因果,因果,,,该 地区 经济 高速 增长 的 根本 原因 是 市场 机制 比较 成熟,该 地区 经济 高速 增长 的 根本 原因 是 市场 机制 比较 成熟,DT NN NN JJ NN DEG NN NN VC NN NN AD VA,( (IP (NP (DNP (NP (NP (DP (DT 该)) (NP (NN 地区))) (NP (NN 经济)) (ADJP (JJ 高速)) (NP (NN 增长))) (DEG 的)) (NP (NN 根本) (NN 原因))) (VP (VC 是) (IP (NP (NN 市场) (NN 机制)) (VP (ADVP (AD 比较)) (VP (VA 成熟)))))) )
11-B,该地区经济高速增长的根本原因是	特色经济形成规模,None,,,,,该 地区 经济 高速 增长 的 根本 原因 是 特色 经济 形成 规模,该 地区 经济 高速 增长 的 根本 原因 是 特色 经济 形成 规模,DT NN NN JJ NN DEG NN NN VC NN NN VV NN,,因果_0（特色经济形成规模，该地区经济高速增长）,因果_0（特色经济形成规模，该地区经济高速增长）,0_6-7,0_6-7,因果,因果,,,该 地区 经济 高速 增长 的 根本 原因 是 特色 经济 形成 规模,该 地区 经济 高速 增长 的 根本 原因 是 特色 经济 形成 规模,DT NN NN JJ NN DEG NN NN VC NN NN VV NN,( (IP (NP (DNP (NP (NP (DP (DT 该)) (NP (NN 地区))) (NP (NN 经济)) (ADJP (JJ 高速)) (NP (NN 增长))) (DEG 的)) (NP (NN 根本) (NN 原因))) (VP (VC 是) (IP (NP (NN 特色) (NN 经济)) (VP (VV 形成) (NP (NN 规模)))))) )
11-C,该地区经济高速增长的根本原因是	积极参与国际竞争,None,,,,,该 地区 经济 高速 增长 的 根本 原因 是 积极 参与 国际 竞争,该 地区 经济 高速 增长 的 根本 原因 是 积极 参与 国际 竞争,DT NN NN JJ NN DEG NN NN VC AD VV NN NN,,因果_0（积极参与国际竞争，该地区经济高速增长）,因果_0（积极参与国际竞争，该地区经济高速增长）,0_6-7,0_6-7,因果,因果,,,该 地区 经济 高速 增长 的 根本 原因 是 积极 参与 国际 竞争,该 地区 经济 高速 增长 的 根本 原因 是 积极 参与 国际 竞争,DT NN NN JJ NN DEG NN NN VC AD VV NN NN,( (IP (NP (DNP (NP (NP (DP (DT 该)) (NP (NN 地区))) (NP (NN 经济)) (ADJP (JJ 高速)) (NP (NN 增长))) (DEG 的)) (NP (NN 根本) (NN 原因))) (VP (VC 是) (VP (ADVP (AD 积极)) (VP (VV 参与) (NP (NN 国际) (NN 竞争)))))) )
11-D,该地区经济高速增长的根本原因是	第一产业发展迅速,None,,,9,,该 地区 经济 高速 增长 的 根本 原因 是 第一产业 发展 迅速,该 地区 经济 高速 增长 的 根本 原因 是 第一 产业 发展 迅速,DT NN NN JJ NN DEG NN NN VC term NN VA,,因果_0（第一产业发展迅速，该地区经济高速增长）,因果_0（第一产业发展迅速，该地区经济高速增长）,0_6-7,0_6-7,因果,因果,,,该 地区 经济 高速 增长 的 根本 原因 是 第一产业 发展 迅速,该 地区 经济 高速 增长 的 根本 原因 是 第一产业 发展 迅速,DT NN NN JJ NN DEG NN NN VC OD NN VA,( (IP (NP (DNP (NP (NP (DP (DT 该)) (NP (NN 地区))) (NP (NN 经济)) (ADJP (JJ 高速)) (NP (NN 增长))) (DEG 的)) (NP (NN 根本) (NN 原因))) (VP (VC 是) (IP (NP (NN 第一产业) (NN 发展)) (VP (VA 迅速))))) )
