编号,文本,拆分信息,时间,地点,术语,数量词,（粗粒度）分词,（细粒度）分词,词性,成分分析,简化模板,完整模板,简化模板线索词,完整模板线索词,简化模板类型,完整模板类型,（auto）时间,（auto）地点,（auto粗粒度）分词,（auto细粒度）分词,（auto）词性,（auto）成分分析
1-A,造成该沙尘天气的天气系统是	气旋、冷锋,None,,,8 10,,造成 该 沙尘 天气 的 天气 系统 是 气旋 、 冷锋,造成 该 沙尘 天气 的 天气 系统 是 气旋 、 冷锋,VV DT NN NN DEG NN NN VC term PU term,,因果_0（气旋，该沙尘天气）因果_1（冷锋，该沙尘天气）,因果_0（气旋，该沙尘天气）因果_1（冷锋，该沙尘天气）,0_0 1_0,0_0 1_0,因果,因果,,,造成 该 沙尘 天气 的 天气 系统 是 气旋 、 冷锋,造成 该 沙尘 天气 的 天气 系统 是 气旋 、 冷锋,VV DT NN NN DEG NN NN VC term PU term,( (IP (VP (VV 造成) (IP (NP (DNP (NP (NP (DP (DT 该)) (NP (NN 沙尘))) (NP (NN 天气))) (DEG 的)) (NP (NN 天气) (NN 系统))) (VP (VC 是) (NP (NN 气旋) (PU 、) (NN 冷锋)))))) )
1-B,造成该沙尘天气的天气系统是	气旋、暖锋,None,,,8 10,,造成 该 沙尘 天气 的 天气 系统 是 气旋 、 暖锋,造成 该 沙尘 天气 的 天气 系统 是 气旋 、 暖锋,VV DT NN NN DEG NN NN VC term PU term,,因果_0（气旋，该沙尘天气）因果_1（暖锋，该沙尘天气）,因果_0（气旋，该沙尘天气）因果_1（暖锋，该沙尘天气）,0_0 1_0,0_0 1_0,因果,因果,,,造成 该 沙尘 天气 的 天气 系统 是 气旋 、 暖锋,造成 该 沙尘 天气 的 天气 系统 是 气旋 、 暖锋,VV DT NN NN DEG NN NN VC term PU term,( (IP (VP (VV 造成) (IP (NP (DNP (NP (NP (DP (DT 该)) (NP (NN 沙尘))) (NP (NN 天气))) (DEG 的)) (NP (NN 天气) (NN 系统))) (VP (VC 是) (NP (NN 气旋) (PU 、) (NN 暖锋)))))) )
1-C,造成该沙尘天气的天气系统是	反气旋、暖锋,None,,,8 10,,造成 该 沙尘 天气 的 天气 系统 是 反气旋 、 暖锋,造成 该 沙尘 天气 的 天气 系统 是 反气旋 、 暖锋,VV DT NN NN DEG NN NN VC term PU term,,因果_0（反气旋，该沙尘天气）因果_1（暖锋，该沙尘天气）,因果_0（反气旋，该沙尘天气）因果_1（暖锋，该沙尘天气）,0_0 1_0,0_0 1_0,因果,因果,,,造成 该 沙尘 天气 的 天气 系统 是 反气旋 、 暖锋,造成 该 沙尘 天气 的 天气 系统 是 反气旋 、 暖锋,VV DT NN NN DEG NN NN VC term PU term,( (IP (VP (VV 造成) (IP (NP (DNP (NP (NP (DP (DT 该)) (NP (NN 沙尘))) (NP (NN 天气))) (DEG 的)) (NP (NN 天气) (NN 系统))) (VP (VC 是) (NP (NN 反气旋) (PU 、) (NN 暖锋)))))) )
1-D,造成该沙尘天气的天气系统是	反气旋、冷锋,None,,,8 10,,造成 该 沙尘 天气 的 天气 系统 是 反气旋 、 冷锋,造成 该 沙尘 天气 的 天气 系统 是 反气旋 、 冷锋,VV DT NN NN DEG NN NN VC term PU term,,因果_0（反气旋，该沙尘天气）因果_1（冷锋，该沙尘天气）,因果_0（反气旋，该沙尘天气）因果_1（冷锋，该沙尘天气）,0_0 1_0,0_0 1_0,因果,因果,,,造成 该 沙尘 天气 的 天气 系统 是 反气旋 、 冷锋,造成 该 沙尘 天气 的 天气 系统 是 反气旋 、 冷锋,VV DT NN NN DEG NN NN VC term PU term,( (IP (VP (VV 造成) (IP (NP (DNP (NP (NP (DP (DT 该)) (NP (NN 沙尘))) (NP (NN 天气))) (DEG 的)) (NP (NN 天气) (NN 系统))) (VP (VC 是) (NP (NN 反气旋) (PU 、) (NN 冷锋)))))) )
2-A,该沙尘天气先后经过呼和浩特、北京、石家庄，它们依次是图中的	①②③,None,,5 7 9,,,该 沙尘 天气 先后 经过 呼和浩特 、 北京 、 石家庄 ， 它们 依次 是 图 中 的 ① ② ③,该 沙尘 天气 先后 经过 呼和浩特 、 北京 、 石家庄 ， 它们 依次 是 图 中 的 ① ② ③,DT NN NN AD VV loc PU loc PU loc PU PN AD VC NN LC DEG NN NN NN,,匹配_0（呼和浩特，①）匹配_1（北京，②）匹配_2（石家庄，③）,匹配_0（呼和浩特，①）匹配_1（北京，②）匹配_2（石家庄，③）,0_13 1_13 2_13,0_13 1_13 2_13,匹配,匹配,,5 7 9,该 沙尘 天气 先后 经过 呼和浩特 、 北京 、 石家庄 ， 它们 依次 是 图 中 的 ① ② ③,该 沙尘 天气 先后 经过 呼和浩特 、 北京 、 石家庄 ， 它们 依次 是 图 中 的 ① ② ③,DT NN NN AD P loc PU loc PU loc PU PN AD VC NN LC DEG NN NN NN,( (IP (IP (NP (DP (DT 该)) (NP (NN 沙尘))) (NP (NN 天气)) (VP (ADVP (AD 先后)) (VP (VV 经过) (NP (NR 呼和浩特) (PU 、) (NR 北京) (PU 、) (NR 石家庄))))) (PU ，) (IP (NP (PN 它们)) (VP (ADVP (AD 依次)) (VP (VC 是) (NP (DNP (LCP (NP (NN 图)) (LC 中)) (DEG 的)) (NP (NN ①) (NN ②)) (NP (NN ③))))))) )
2-B,该沙尘天气先后经过呼和浩特、北京、石家庄，它们依次是图中的	②①③,None,,5 7 9,,,该 沙尘 天气 先后 经过 呼和浩特 、 北京 、 石家庄 ， 它们 依次 是 图 中 的 ② ① ③,该 沙尘 天气 先后 经过 呼和浩特 、 北京 、 石家庄 ， 它们 依次 是 图 中 的 ② ① ③,DT NN NN AD VV loc PU loc PU loc PU PN AD VC NN LC DEG NN NN NN,,匹配_0（呼和浩特，②）匹配_1（北京，①）匹配_2（石家庄，③）,匹配_0（呼和浩特，②）匹配_1（北京，①）匹配_2（石家庄，③）,0_13 1_13 2_13,0_13 1_13 2_13,匹配,匹配,,5 7 9,该 沙尘 天气 先后 经过 呼和浩特 、 北京 、 石家庄 ， 它们 依次 是 图 中 的 ② ① ③,该 沙尘 天气 先后 经过 呼和浩特 、 北京 、 石家庄 ， 它们 依次 是 图 中 的 ② ① ③,DT NN NN AD P loc PU loc PU loc PU PN AD VC NN LC DEG NN NN NN,( (IP (IP (NP (DP (DT 该)) (NP (NN 沙尘))) (NP (NN 天气)) (VP (ADVP (AD 先后)) (VP (VV 经过) (NP (NR 呼和浩特) (PU 、) (NR 北京) (PU 、) (NR 石家庄))))) (PU ，) (IP (NP (PN 它们)) (VP (ADVP (AD 依次)) (VP (VC 是) (NP (DNP (LCP (NP (NN 图)) (LC 中)) (DEG 的)) (NP (NN ②) (NN ①)) (NP (NN ③))))))) )
2-C,该沙尘天气先后经过呼和浩特、北京、石家庄，它们依次是图中的	③②①,None,,5 7 9,,,该 沙尘 天气 先后 经过 呼和浩特 、 北京 、 石家庄 ， 它们 依次 是 图 中 的 ③ ② ①,该 沙尘 天气 先后 经过 呼和浩特 、 北京 、 石家庄 ， 它们 依次 是 图 中 的 ③ ② ①,DT NN NN AD VV loc PU loc PU loc PU PN AD VC NN LC DEG NN NN NN,,匹配_0（呼和浩特，③）匹配_1（北京，②）匹配_2（石家庄，①）,匹配_0（呼和浩特，③）匹配_1（北京，②）匹配_2（石家庄，①）,0_13 1_13 2_13,0_13 1_13 2_13,匹配,匹配,,5 7 9,该 沙尘 天气 先后 经过 呼和浩特 、 北京 、 石家庄 ， 它们 依次 是 图 中 的 ③ ② ①,该 沙尘 天气 先后 经过 呼和浩特 、 北京 、 石家庄 ， 它们 依次 是 图 中 的 ③ ② ①,DT NN NN AD P loc PU loc PU loc PU PN AD VC NN LC DEG NN NN NN,( (IP (IP (NP (DP (DT 该)) (NP (NN 沙尘))) (NP (NN 天气)) (VP (ADVP (AD 先后)) (VP (VV 经过) (NP (NR 呼和浩特) (PU 、) (NR 北京) (PU 、) (NR 石家庄))))) (PU ，) (IP (NP (PN 它们)) (VP (ADVP (AD 依次)) (VP (VC 是) (NP (DNP (LCP (NP (NN 图)) (LC 中)) (DEG 的)) (NP (NN ③) (NN ②)) (NP (NN ①))))))) )
2-D,该沙尘天气先后经过呼和浩特、北京、石家庄，它们依次是图中的	②③①,None,,5 7 9,,,该 沙尘 天气 先后 经过 呼和浩特 、 北京 、 石家庄 ， 它们 依次 是 图 中 的 ② ③ ①,该 沙尘 天气 先后 经过 呼和浩特 、 北京 、 石家庄 ， 它们 依次 是 图 中 的 ② ③ ①,DT NN NN AD VV loc PU loc PU loc PU PN AD VC NN LC DEG NN NN NN,,匹配_0（呼和浩特，②）匹配_1（北京，③）匹配_2（石家庄，①）,匹配_0（呼和浩特，②）匹配_1（北京，③）匹配_2（石家庄，①）,0_13 1_13 2_13,0_13 1_13 2_13,匹配,匹配,,5 7 9,该 沙尘 天气 先后 经过 呼和浩特 、 北京 、 石家庄 ， 它们 依次 是 图 中 的 ② ③ ①,该 沙尘 天气 先后 经过 呼和浩特 、 北京 、 石家庄 ， 它们 依次 是 图 中 的 ② ③ ①,DT NN NN AD P loc PU loc PU loc PU PN AD VC NN LC DEG NN NN NN,( (IP (IP (NP (DP (DT 该)) (NP (NN 沙尘))) (NP (NN 天气)) (VP (ADVP (AD 先后)) (VP (VV 经过) (NP (NR 呼和浩特) (PU 、) (NR 北京) (PU 、) (NR 石家庄))))) (PU ，) (IP (NP (PN 它们)) (VP (ADVP (AD 依次)) (VP (VC 是) (NP (DNP (LCP (NP (NN 图)) (LC 中)) (DEG 的)) (NP (NN ②) (NN ③)) (NP (NN ①))))))) )
3-A,登顶队员在北京时间13时前撤离，主要是为了避开	大量冰雪融化,None,4,,3,,登顶 队员 在 北京时间 13时 前 撤离 ， 主要 是 为了 避开 大量 冰雪 融化,登顶 队员 在 北京 时间 13时 前 撤离 ， 主要 是 为了 避开 大量 冰雪 融化,NN NN P term time LC VV PU AD VC P VV CD NN VV,,因果_0（避开大量冰雪融化，登顶队员在北京时间13时前撤离）,因果_0（避开大量冰雪融化，登顶队员在北京时间13时前撤离）,0_10,0_10,因果,因果,4,,登顶 队员 在 北京时间 13时 前 撤离 ， 主要 是 为了 避开 大量 冰雪 融化,登顶 队员 在 北京时间 13时 前 撤离 ， 主要 是 为了 避开 大量 冰雪 融化,NN NN P term time LC VV PU AD VC P VV CD NN VV,( (IP (NP (NN 登顶) (NN 队员)) (VP (VP (PP (P 在) (LCP (NP (NN 北京时间) (NT 13时)) (LC 前))) (VP (VV 撤离))) (PU ，) (VP (ADVP (AD 主要)) (VP (VC 是) (PP (P 为了) (IP (VP (VV 避开) (NP (QP (CD 大量)) (NP (NN 冰雪))) (IP (VP (VV 融化)))))))))) )
3-B,登顶队员在北京时间13时前撤离，主要是为了避开	泥石流爆发,None,4,,3 12,,登顶 队员 在 北京时间 13时 前 撤离 ， 主要 是 为了 避开 泥石流 爆发,登顶 队员 在 北京 时间 13时 前 撤离 ， 主要 是 为了 避开 泥石流 爆发,NN NN P term time LC VV PU AD VC P VV term VV,,因果_0（避开泥石流爆发，登顶队员在北京时间13时前撤离）,因果_0（避开泥石流爆发，登顶队员在北京时间13时前撤离）,0_10,0_10,因果,因果,4,,登顶 队员 在 北京时间 13时 前 撤离 ， 主要 是 为了 避开 泥石流 爆发,登顶 队员 在 北京时间 13时 前 撤离 ， 主要 是 为了 避开 泥石流 爆发,NN NN P term time LC VV PU AD VC P VV term VV,( (IP (NP (NN 登顶) (NN 队员)) (VP (VP (PP (P 在) (LCP (NP (NN 北京时间) (NT 13时)) (LC 前))) (VP (VV 撤离))) (PU ，) (VP (ADVP (AD 主要)) (VP (VC 是) (PP (P 为了) (IP (VP (VV 避开) (IP (NP (NN 泥石流)) (VP (VV 爆发)))))))))) )
3-C,登顶队员在北京时间13时前撤离，主要是为了避开	强对流天气,None,4,,3 12,,登顶 队员 在 北京时间 13时 前 撤离 ， 主要 是 为了 避开 强对流天气,登顶 队员 在 北京 时间 13时 前 撤离 ， 主要 是 为了 避开 强 对流 天气,NN NN P term time LC VV PU AD VC P VV term,,因果_0（避开强对流天气，登顶队员在北京时间13时前撤离）,因果_0（避开强对流天气，登顶队员在北京时间13时前撤离）,0_10,0_10,因果,因果,4,,登顶 队员 在 北京时间 13时 前 撤离 ， 主要 是 为了 避开 强对流 天气,登顶 队员 在 北京时间 13时 前 撤离 ， 主要 是 为了 避开 强对流 天气,NN NN P term time LC VV PU AD VC P VV term,( (IP (NP (NN 登顶) (NN 队员)) (VP (VP (PP (P 在) (LCP (NP (NN 北京时间) (NT 13时)) (LC 前))) (VP (VV 撤离))) (PU ，) (VP (ADVP (AD 主要)) (VP (VC 是) (PP (P 为了) (IP (VP (VV 避开) (NP (NN 强对流天气))))))))) )
3-D,登顶队员在北京时间13时前撤离，主要是为了避开	强紫外线辐射,None,4,,3,,登顶 队员 在 北京时间 13时 前 撤离 ， 主要 是 为了 避开 强 紫外线 辐射,登顶 队员 在 北京 时间 13时 前 撤离 ， 主要 是 为了 避开 强 紫外线 辐射,NN NN P term time LC VV PU AD VC P VV VA NN VV,,因果_0（避开强紫外线辐射，登顶队员在北京时间13时前撤离）,因果_0（避开强紫外线辐射，登顶队员在北京时间13时前撤离）,0_10,0_10,因果,因果,4,,登顶 队员 在 北京时间 13时 前 撤离 ， 主要 是 为了 避开 强 紫外线 辐射,登顶 队员 在 北京时间 13时 前 撤离 ， 主要 是 为了 避开 强 紫外线 辐射,NN NN P term time LC VV PU AD VC P VV NN NN VV,( (IP (IP (NP (NN 登顶) (NN 队员)) (VP (VP (PP (P 在) (LCP (NP (NN 北京时间) (NT 13时)) (LC 前))) (VP (VV 撤离))) (PU ，) (VP (ADVP (AD 主要)) (VP (VC 是) (PP (P 为了) (IP (VP (IP (VP (VV 避开))) (VP (VA 强))))))))) (IP (NP (NN 紫外线)) (VP (VV 辐射)))) )
4-A,珠穆朗玛峰峰顶比同纬度海平面	白昼略长,None,,0,4,,珠穆朗玛峰 峰顶 比 同 纬度 海平面 白昼 略 长,珠穆朗玛峰 峰顶 比 同 纬度 海平面 白昼 略 长,loc NN P DT term NN NN AD VA,,比较_0（珠穆朗玛峰峰顶，同纬度海平面，白昼，略长）,比较_0（珠穆朗玛峰峰顶，同纬度海平面，白昼，略长）,0_2,0_2,比较,比较,,,珠穆朗玛峰峰 顶比同 纬度 海平面 白昼 略长,珠穆朗玛 峰峰 顶比同 纬度 海平面 白昼 略长,loc NN P P term NN NN AD VA,( (IP (NP (NR 珠穆朗玛峰) (NN 峰顶)) (VP (PP (P 比) (NP (DP (DT 同)) (NP (NN 纬度) (NN 海平面) (NN 白昼)))) (ADVP (AD 略)) (VP (VA 长)))) )
4-B,珠穆朗玛峰峰顶比同纬度海平面	黑夜略长,None,,0,4,,珠穆朗玛峰 峰顶 比 同 纬度 海平面 黑夜 略 长,珠穆朗玛峰 峰顶 比 同 纬度 海平面 黑夜 略 长,loc NN P DT term NN NN AD VA,,比较_0（珠穆朗玛峰峰顶，同纬度海平面，黑夜，略长）,比较_0（珠穆朗玛峰峰顶，同纬度海平面，黑夜略长）,0_2,0_2,比较,比较,,,珠穆朗玛峰峰 顶比同 纬度 海平面 黑夜 略长,珠穆朗玛 峰峰 顶比同 纬度 海平面 黑夜 略长,loc NN P P term NN NN AD VA,( (IP (NP (NR 珠穆朗玛峰) (NN 峰顶)) (VP (PP (P 比) (NP (DP (DT 同)) (NP (NN 纬度) (NN 海平面) (NN 黑夜)))) (ADVP (AD 略)) (VP (VA 长)))) )
4-C,珠穆朗玛峰峰顶比同纬度海平面	自转线速度略小,None,,0,4 6,,珠穆朗玛峰 峰顶 比 同 纬度 海平面 自转线速度 略 小,珠穆朗玛峰 峰顶 比 同 纬度 海平面 自转 线速度 略 小,loc NN P DT term NN term AD VA,,比较_0（珠穆朗玛峰峰顶，同纬度海平面，自转线速度，略小）,比较_0（珠穆朗玛峰峰顶，同纬度海平面，自转线速度，略小）,0_2,0_2,比较,比较,,,珠穆朗玛峰峰 顶比同 纬度 海平面 自转线速度 略小,珠穆朗玛 峰峰 顶比同 纬度 海平面 自转线速度 略小,loc NN P P term NN term AD VA,( (IP (NP (NR 珠穆朗玛峰) (NN 峰顶)) (VP (PP (P 比) (NP (DP (DT 同)) (NP (NN 纬度) (NN 海平面) (NN 自转线速度)))) (ADVP (AD 略)) (VP (VA 小)))) )
4-D,珠穆朗玛峰峰顶比同纬度海平面	自转角速度略大,None,,0,4 6,,珠穆朗玛峰 峰顶 比 同 纬度 海平面 自转角速度 略 大,珠穆朗玛峰 峰顶 比 同 纬度 海平面 自转 角速度 略 大,loc NN P DT term NN term AD VA,,比较_0（珠穆朗玛峰峰顶，同纬度海平面，自转角速度，略大）,比较_0（珠穆朗玛峰峰顶，同纬度海平面，自转角速度，略大）,0_2,0_2,比较,比较,,,珠穆朗玛峰峰 顶比同 纬度 海平面 自转角速度 略 大,珠穆朗玛 峰峰 顶比同 纬度 海平面 自转角速度 略 大,loc NN P P term NN term AD VA,( (IP (NP (NR 珠穆朗玛峰) (NN 峰顶)) (VP (PP (P 比) (NP (DP (DT 同)) (NP (NN 纬度) (NN 海平面) (NN 自转角速度)))) (ADVP (AD 略)) (VP (VA 大)))) )
5-A,导致珠穆朗玛峰海拔高度变化的是	地面沉降,None,,1,,,导致 珠穆朗玛峰 海拔 高度 变化 的 是 地面 沉降,导致 珠穆朗玛峰 海拔 高度 变化 的 是 地面 沉降,VV loc NN NN VV DEC VC NN VV,,因果_0（地面沉降，珠穆朗玛峰海拔高度变化）,因果_0（地面沉降，珠穆朗玛峰海拔高度变化）,0_0,0_0,因果,因果,,,导致 珠穆朗玛峰 海拔高度 变化 的 是 地面 沉降,导致 珠穆 朗玛峰 海拔高度 变化 的 是 地面 沉降,VV loc NN AD VV DEC VC NN VV,( (IP (NP (CP (IP (VP (VV 导致) (IP (NP (NR 珠穆朗玛峰)) (NP (NN 海拔)) (NP (NN 高度)) (VP (VV 变化))))) (DEC 的))) (VP (VC 是) (IP (NP (NN 地面)) (VP (VV 沉降))))) )
5-B,导致珠穆朗玛峰海拔高度变化的是	地壳运动,None,,1,7,,导致 珠穆朗玛峰 海拔 高度 变化 的 是 地壳运动,导致 珠穆朗玛峰 海拔 高度 变化 的 是 地壳 运动,VV loc NN NN VV DEC VC term,,因果_0（地壳运动，珠穆朗玛峰海拔高度变化）,因果_0（地壳运动，珠穆朗玛峰海拔高度变化）,0_0,0_0,因果,因果,,,导致 珠穆朗玛峰 海拔高度 变化 的 是 地壳运动,导致 珠穆 朗玛峰 海拔高度 变化 的 是 地壳运动,VV loc NN AD VV DEC VC term,( (IP (NP (CP (IP (VP (VV 导致) (IP (NP (NR 珠穆朗玛峰)) (NP (NN 海拔)) (NP (NN 高度)) (VP (VV 变化))))) (DEC 的))) (VP (VC 是) (NP (NN 地壳运动)))) )
5-C,导致珠穆朗玛峰海拔高度变化的是	变质作用,None,,1,7,,导致 珠穆朗玛峰 海拔 高度 变化 的 是 变质作用,导致 珠穆朗玛峰 海拔 高度 变化 的 是 变质 作用,VV loc NN NN VV DEC VC term,,因果_0（变质作用，珠穆朗玛峰海拔高度变化）,因果_0（变质作用，珠穆朗玛峰海拔高度变化）,0_0,0_0,因果,因果,,,导致 珠穆朗玛峰 海拔高度 变化 的 是 变质作用,导致 珠穆 朗玛峰 海拔高度 变化 的 是 变质作用,VV loc NN AD VV DEC VC term,( (IP (NP (CP (IP (VP (VV 导致) (IP (NP (NR 珠穆朗玛峰)) (NP (NN 海拔)) (NP (NN 高度)) (VP (VV 变化))))) (DEC 的))) (VP (VC 是) (NP (NN 变质作用)))) )
5-D,导致珠穆朗玛峰海拔高度变化的是	海平面升降,None,,1,,,导致 珠穆朗玛峰 海拔 高度 变化 的 是 海平面 升降,导致 珠穆朗玛峰 海拔 高度 变化 的 是 海平面 升降,VV loc NN NN VV DEC VC NN VV,,因果_0（海平面升降，珠穆朗玛峰海拔高度变化）,因果_0（海平面升降，珠穆朗玛峰海拔高度变化）,0_0,0_0,因果,因果,,,导致 珠穆朗玛峰 海拔高度 变化 的 是 海平面 升降,导致 珠穆 朗玛峰 海拔高度 变化 的 是 海平面 升降,VV loc NN AD VV DEC VC NN VV,( (IP (NP (CP (IP (VP (VV 导致) (IP (NP (NR 珠穆朗玛峰)) (NP (NN 海拔)) (NP (NN 高度)) (VP (VV 变化))))) (DEC 的))) (VP (VC 是) (IP (NP (NN 海平面)) (VP (VV 升降))))) )
6-A,登顶队员从积雪冰川带下山，依次经过的垂直自然带是	高山草原带—高山草甸带—高山针叶林带,None,,,3 9 11 13 15,,登顶 队员 从 积雪冰川带 下山 ， 依次 经过 的 垂直自然带 是 高山草原带 — 高山草甸带 — 高山针叶林带,登顶 队员 从 积雪 冰川带 下山 ， 依次 经过 的 垂直 自然带 是 高山 草原带 — 高山 草甸带 — 高山 针叶林带,NN NN P term VV PU AD VV DEC term VC term PU term PU term,,排序_0（垂直自然带，登顶队员从积雪冰川带下山依次经过，高山草原带—高山草甸带—高山针叶林带）,排序_0（垂直自然带，登顶队员从积雪冰川带下山依次经过，列表_1（高山草原带，高山草甸带，高山针叶林带））,0_5,0_5 1_12-14,排序,排序 列表,,3 11 13 15,登顶 队员 从 积雪 冰川带 下山 ， 依次 经过 的 垂直自然带 是 高山 草原带 — 高山草甸带 — 高山 针叶林带,登顶 队员 从 积雪 冰川带 下山 ， 依次 经过 的 垂直自然带 是 高山 草原带 — 高山草甸带 — 高山 针叶林带,VV NN P term VV PU AD VV DEC term VC term PU term PU term,( (IP (IP (NP (NN 登顶) (NN 队员)) (VP (PP (P 从) (NP (NN 积雪冰川带))) (VP (VV 下山)))) (PU ，) (IP (NP (CP (IP (VP (ADVP (AD 依次)) (VP (VV 经过)))) (DEC 的)) (NP (NN 垂直自然带))) (VP (VC 是) (NP (NN 高山草原带) (PU —) (NN 高山草甸带) (PU —) (NN 高山针叶林带))))) )
6-B,登顶队员从积雪冰川带下山，依次经过的垂直自然带是	高山草甸带—高寒荒漠带—高山草原带,None,,,3 9 11 13 15,,登顶 队员 从 积雪冰川带 下山 ， 依次 经过 的 垂直自然带 是 高山草甸带 — 高寒荒漠带 — 高山草原带,登顶 队员 从 积雪 冰川带 下山 ， 依次 经过 的 垂直 自然带 是 高山 草甸带 — 高寒 荒漠带 — 高山 草原带,NN NN P term VV PU AD VV DEC term VC term PU term PU term,,排序_0（垂直自然带，登顶队员从积雪冰川带下山依次经过，高山草甸带—高寒荒漠带—高山草原带）,排序_0（垂直自然带，登顶队员从积雪冰川带下山依次经过，列表_1（高山草甸带，高寒荒漠带，高山草原带））,0_5,0_5 1_12-14,排序,排序 列表,,3 14,登顶 队员 从 积雪 冰川带 下山 ， 依次 经过 的 垂直自然带 是 高山草甸带 — 高寒 荒漠 带 — 高山 草原 带,登顶 队员 从 积雪 冰川带 下山 ， 依次 经过 的 垂直自然带 是 高山草甸带 — 高寒 荒漠 带 — 高山 草原 带,VV NN P term VV PU AD VV DEC term VC term PU term PU term,( (IP (IP (NP (NN 登顶) (NN 队员)) (VP (PP (P 从) (NP (NN 积雪冰川带))) (VP (VV 下山)))) (PU ，) (IP (NP (CP (IP (VP (ADVP (AD 依次)) (VP (VV 经过)))) (DEC 的)) (NP (NN 垂直自然带))) (VP (VC 是) (NP (NN 高山草甸带) (PU —) (NN 高寒荒漠带) (PU —) (NN 高山草原带))))) )
6-C,登顶队员从积雪冰川带下山，依次经过的垂直自然带是	高寒荒漠带—高山草原带—高山针叶林带,None,,,3 9 11 13 15,,登顶 队员 从 积雪冰川带 下山 ， 依次 经过 的 垂直自然带 是 高寒荒漠带 — 高山草原带 — 高山针叶林带,登顶 队员 从 积雪 冰川带 下山 ， 依次 经过 的 垂直 自然带 是 高寒 荒漠带 — 高山 草原带 — 高山 针叶林带,NN NN P term VV PU AD VV DEC term VC term PU term PU term,,排序_0（垂直自然带，登顶队员从积雪冰川带下山依次经过，高寒荒漠带—高山草原带—高山针叶林带）,排序_0（垂直自然带，登顶队员从积雪冰川带下山依次经过，列表_1（高寒荒漠带，高山草原带，高山针叶林带））,0_5,0_5 1_12-14,排序,排序 列表,,3 11 13 15,登顶 队员 从 积雪 冰川带 下山 ， 依次 经过 的 垂直自然带 是 高寒 荒漠 带 — 高山 草原带 — 高山 针叶林带,登顶 队员 从 积雪 冰川带 下山 ， 依次 经过 的 垂直自然带 是 高寒 荒漠 带 — 高山 草原带 — 高山 针叶林带,VV NN P term VV PU AD VV DEC term VC term PU term PU term,( (IP (IP (NP (NN 登顶) (NN 队员)) (VP (PP (P 从) (NP (NN 积雪冰川带))) (VP (VV 下山)))) (PU ，) (IP (NP (CP (IP (VP (ADVP (AD 依次)) (VP (VV 经过)))) (DEC 的)) (NP (NN 垂直自然带))) (VP (VC 是) (NP (NN 高寒荒漠带) (PU —) (NN 高山草原带) (PU —) (NN 高山针叶林带))))) )
6-D,登顶队员从积雪冰川带下山，依次经过的垂直自然带是	高寒荒漠带—高山草甸带—高山草原带,None,,,3 9 11 13 15,,登顶 队员 从 积雪冰川带 下山 ， 依次 经过 的 垂直自然带 是 高寒荒漠带 — 高山草甸带 — 高山草原带,登顶 队员 从 积雪 冰川带 下山 ， 依次 经过 的 垂直 自然带 是 高寒 荒漠带 — 高山 草甸带 — 高山 草原带,NN NN P term VV PU AD VV DEC term VC term PU term PU term,,排序_0（垂直自然带，登顶队员从积雪冰川带下山依次经过，高寒荒漠带—高山草甸带—高山草原带）,排序_0（垂直自然带，登顶队员从积雪冰川带下山依次经过，列表_1（高寒荒漠带，高山草甸带，高山草原带））,0_5,0_5 1_12-14,排序,排序 列表,,3 11 13,登顶 队员 从 积雪 冰川带 下山 ， 依次 经过 的 垂直自然带 是 高寒 荒漠 带 — 高山草甸带 — 高山 草原 带,登顶 队员 从 积雪 冰川带 下山 ， 依次 经过 的 垂直自然带 是 高寒 荒漠 带 — 高山草甸带 — 高山 草原 带,VV NN P term VV PU AD VV DEC term VC term PU term PU term,( (IP (IP (NP (NN 登顶) (NN 队员)) (VP (PP (P 从) (NP (NN 积雪冰川带))) (VP (VV 下山)))) (PU ，) (IP (NP (CP (IP (VP (ADVP (AD 依次)) (VP (VV 经过)))) (DEC 的)) (NP (NN 垂直自然带))) (VP (VC 是) (NP (NN 高寒荒漠带) (PU —) (NN 高山草甸带) (PU —) (NN 高山草原带))))) )
7-A,从P点出发，车速最快的去向是	东,None,,1,,,从 P点 出发 ， 车速 最 快 的 去向 是 东,从 P点 出发 ， 车速 最 快 的 去向 是 东,P loc VV PU NN AD VA DEC NN VC NN,,最值_0（东，车速，最快，从P点出发的去向）,最值_0（东，车速，最快，从P点出发的去向）,0_5,0_5,最值,最值,,,从 P点 出发 ， 车速 最 快 的 去向 是 东,从 P点 出发 ， 车速 最 快 的 去向 是 东,P loc VV PU NN AD VA DEC VV VC NN,( (IP (NP (CP (IP (IP (VP (PP (P 从) (NP (NR P点))) (VP (VV 出发)))) (PU ，) (IP (NP (NN 车速)) (VP (ADVP (AD 最)) (VP (VA 快))))) (DEC 的)) (NP (NN 去向))) (VP (VC 是) (NP (NN 东)))) )
7-B,从P点出发，车速最快的去向是	南,None,,1,,,从 P点 出发 ， 车速 最 快 的 去向 是 南,从 P点 出发 ， 车速 最 快 的 去向 是 南,P loc VV PU NN AD VA DEC NN VC NN,,最值_0（南，车速，最快，从P点出发的去向）,最值_0（南，车速，最快，从P点出发的去向）,0_5,0_5,最值,最值,,,从 P点 出发 ， 车速 最 快 的 去向 是 南,从 P点 出发 ， 车速 最 快 的 去向 是 南,P loc VV PU NN AD VA DEC NN VC NN,( (IP (NP (CP (IP (IP (VP (PP (P 从) (NP (NR P点))) (VP (VV 出发)))) (PU ，) (IP (NP (NN 车速)) (VP (ADVP (AD 最)) (VP (VA 快))))) (DEC 的)) (NP (NN 去向))) (VP (VC 是) (NP (NN 南)))) )
7-C,从P点出发，车速最快的去向是	西,None,,1,,,从 P点 出发 ， 车速 最 快 的 去向 是 西,从 P点 出发 ， 车速 最 快 的 去向 是 西,P loc VV PU NN AD VA DEC NN VC NN,,最值_0（西，车速，最快，从P点出发的去向）,最值_0（西，车速，最快，从P点出发的去向）,0_5,0_5,最值,最值,,,从 P点 出发 ， 车速 最 快 的 去向 是 西,从 P点 出发 ， 车速 最 快 的 去向 是 西,P loc VV PU NN AD VA DEC VV VC NN,( (IP (NP (CP (IP (IP (VP (PP (P 从) (NP (NR P点))) (VP (VV 出发)))) (PU ，) (IP (NP (NN 车速)) (VP (ADVP (AD 最)) (VP (VA 快))))) (DEC 的)) (NP (NN 去向))) (VP (VC 是) (NP (NN 西)))) )
7-D,从P点出发，车速最快的去向是	北,None,,1,,,从 P点 出发 ， 车速 最 快 的 去向 是 北,从 P点 出发 ， 车速 最 快 的 去向 是 北,P loc VV PU NN AD VA DEC NN VC NN,,最值_0（北，车速，最快，从P点出发的去向）,最值_0（北，车速，最快，从P点出发的去向）,0_5,0_5,最值,最值,,,从 P点 出发 ， 车速 最 快 的 去向 是 北,从 P点 出发 ， 车速 最 快 的 去向 是 北,P loc VV PU NN AD VA DEC NN VC NN,( (IP (NP (CP (IP (IP (VP (PP (P 从) (NP (NR P点))) (VP (VV 出发)))) (PU ，) (IP (NP (NN 车速)) (VP (ADVP (AD 最)) (VP (VA 快))))) (DEC 的)) (NP (NN 去向))) (VP (VC 是) (NP (NN 北)))) )
8-A,与图中甲、乙、丙、丁四类城市功能区依次对应的是	商业区、工业区、住宅区、绿地,None,,,,,与 图 中 甲 、 乙 、 丙 、 丁 四 类 城市 功能区 依次 对应 的 是 商业区 、 工业区 、 住宅区 、 绿地,与 图 中 甲 、 乙 、 丙 、 丁 四 类 城市 功能区 依次 对应 的 是 商业区 、 工业区 、 住宅区 、 绿地,P LC NN NN PU NN PU NN PU NR CD M NN NN AD VV DEC VC NN PU NN PU NN PU NN,,匹配_0（甲类城市功能区，商业区）匹配_1（乙类城市功能区，工业区）匹配_2（丙类城市功能区，住宅区）匹配_3（丁类城市功能区，绿地）,匹配_0（甲类城市功能区，商业区）匹配_1（乙类城市功能区，工业区）匹配_2（丙类城市功能区，住宅区）匹配_3（丁类城市功能区，绿地）,0_15-16-17 1_15-16-17 2_15-16-17 3_15-16-17,0_15-16-17 1_15-16-17 2_15-16-17 3_15-16-17,匹配,匹配,,,与 图中甲 、 乙 、 丙 、 丁 四类 城市 功能区 依次 对应 的 是 商业区 、 工业区 、 住宅区 、 绿地,与 图中甲 、 乙 、 丙 、 丁 四类 城市 功能区 依次 对应 的 是 商业区 、 工业区 、 住宅区 、 绿地,P NN NN PU NN PU NN PU NR CD M NN NN AD VV DEC VC NN PU NN PU NN PU NN,
8-B,与图中甲、乙、丙、丁四类城市功能区依次对应的是	商业区、住宅区、绿地、工业区,None,,,,,与 图中 甲 、 乙 、 丙 、 丁 四 类 城市 功能区 依次 对应 的 是 商业区 、 住宅区 、 绿地 、 工业区,与 图中 甲 、 乙 、 丙 、 丁 四 类 城市 功能区 依次 对应 的 是 商业区 、 住宅区 、 绿地 、 工业区,P NN NN PU NN PU NN PU NR CD M NN NN AD VV DEC VC NN PU NN PU NN PU NN,,匹配_0（甲类城市功能区，商业区）匹配_1（乙类城市功能区，住宅区）匹配_2（丙类城市功能区，绿地）匹配_3（丁类城市功能区，工业区）,匹配_0（甲类城市功能区，商业区）匹配_1（乙类城市功能区，住宅区）匹配_2（丙类城市功能区，绿地）匹配_3（丁类城市功能区，工业区）,0_14-15-16 1_14-15-16 2_14-15-16 3_14-15-16,0_14-15-16 1_14-15-16 2_14-15-16 3_14-15-16,匹配,匹配,,,与 图中甲 、 乙 、 丙 、 丁 四类 城市 功能区 依次 对应 的 是 商业区 、 住宅区 、 绿地 、 工业 区,与 图中甲 、 乙 、 丙 、 丁 四类 城市 功能区 依次 对应 的 是 商业区 、 住宅区 、 绿地 、 工业 区,P NN NN PU NN PU NN PU NR CD M NN NN AD VV DEC VC NN PU NN PU NN PU NN,( (IP (NP (CP (IP (VP (PP (P 与) (NP (NP (NP (NN 图中) (NN 甲)) (PU 、) (NP (NN 乙)) (PU 、) (NP (NN 丙)) (PU 、) (NP (NR 丁)) (QP (CD 四) (CLP (M 类))) (NP (NN 城市))) (NP (NN 功能区)))) (ADVP (AD 依次)) (VP (VV 对应)))) (DEC 的))) (VP (VC 是) (NP (NN 商业区) (PU 、) (NN 住宅区) (PU 、) (NN 绿地) (PU 、) (NN 工业区)))) )
8-C,与图中甲、乙、丙、丁四类城市功能区依次对应的是	工业区、商业区、住宅区、绿地,None,,,,,与 图中 甲 、 乙 、 丙 、 丁 四 类 城市 功能区 依次 对应 的 是 工业区 、 商业区 、 住宅区 、 绿地,与 图中 甲 、 乙 、 丙 、 丁 四 类 城市 功能区 依次 对应 的 是 工业区 、 商业区 、 住宅区 、 绿地,P NN NN PU NN PU NN PU NR CD M NN NN AD VV DEC VC NN PU NN PU NN PU NN,,匹配_0（甲类城市功能区，工业区）匹配_1（乙类城市功能区，商业区）匹配_2（丙类城市功能区，住宅区）匹配_3（丁类城市功能区，绿地）,匹配_0（甲类城市功能区，工业区）匹配_1（乙类城市功能区，商业区）匹配_2（丙类城市功能区，住宅区）匹配_3（丁类城市功能区，绿地）,0_14-15-16 1_14-15-16 2_14-15-16 3_14-15-16,0_14-15-16 1_14-15-16 2_14-15-16 3_14-15-16,匹配,匹配,,,与 图中甲 、 乙 、 丙 、 丁 四类 城市 功能区 依次 对应 的 是 工业区 、 商业区 、 住宅区 、 绿地,与 图中甲 、 乙 、 丙 、 丁 四类 城市 功能区 依次 对应 的 是 工业区 、 商业区 、 住宅区 、 绿地,P NN NN PU NN PU NN PU NR CD M NN NN AD VV DEC VC NN PU NN PU NN PU NN,( (IP (NP (CP (IP (VP (PP (P 与) (NP (NP (NP (NN 图中) (NN 甲)) (PU 、) (NP (NN 乙)) (PU 、) (NP (NN 丙)) (PU 、) (NP (NR 丁)) (QP (CD 四) (CLP (M 类))) (NP (NN 城市))) (NP (NN 功能区)))) (ADVP (AD 依次)) (VP (VV 对应)))) (DEC 的))) (VP (VC 是) (NP (NN 工业区) (PU 、) (NN 商业区) (PU 、) (NN 住宅区) (PU 、) (NN 绿地)))) )
8-D,与图中甲、乙、丙、丁四类城市功能区依次对应的是	工业区、住宅区、绿地、商业区,None,,,,,与 图中 甲 、 乙 、 丙 、 丁 四 类 城市 功能区 依次 对应 的 是 工业区 、 住宅区 、 绿地 、 商业区,与 图中 甲 、 乙 、 丙 、 丁 四 类 城市 功能区 依次 对应 的 是 工业区 、 住宅区 、 绿地 、 商业区,P NN NN PU NN PU NN PU NR CD M NN NN AD VV DEC VC NN PU NN PU NN PU NN,,匹配_0（甲类城市功能区，工业区）匹配_1（乙类城市功能区，住宅区）匹配_2（丙类城市功能区，绿地）匹配_3（丁类城市功能区，商业区）,匹配_0（甲类城市功能区，工业区）匹配_1（乙类城市功能区，住宅区）匹配_2（丙类城市功能区，绿地）匹配_3（丁类城市功能区，商业区）,0_14-15-16 1_14-15-16 2_14-15-16 3_14-15-16,0_14-15-16 1_14-15-16 2_14-15-16 3_14-15-16,匹配,匹配,,,与 图中甲 、 乙 、 丙 、 丁 四类 城市 功能区 依次 对应 的 是 工业区 、 住宅区 、 绿地 、 商业 区,与 图中甲 、 乙 、 丙 、 丁 四类 城市 功能区 依次 对应 的 是 工业区 、 住宅区 、 绿地 、 商业 区,P NN NN PU NN PU NN PU NR CD M NN NN AD VV DEC VC NN PU NN PU NN PU NN,( (IP (NP (CP (IP (VP (PP (P 与) (NP (NP (NP (NN 图中) (NN 甲)) (PU 、) (NP (NN 乙)) (PU 、) (NP (NN 丙)) (PU 、) (NP (NR 丁)) (QP (CD 四) (CLP (M 类))) (NP (NN 城市))) (NP (NN 功能区)))) (ADVP (AD 依次)) (VP (VV 对应)))) (DEC 的))) (VP (VC 是) (NP (NN 工业区) (PU 、) (NN 住宅区) (PU 、) (NN 绿地) (PU 、) (NN 商业区)))) )
9-A,对该城市环境质量影响较大的是	钢铁厂,None,,,,,对 该 城市 环境 质量 影响 较 大 的 是 钢铁厂,对 该 城市 环境 质量 影响 较 大 的 是 钢铁厂,P DT NN NN NN NN AD VA DEC VC NN,,影响_0（钢铁厂，城市环境质量，影响较大）,影响_0（钢铁厂，城市环境质量，影响较大）,0_0-5,0_0-5,影响,影响,,,对 该 城市 环境 质量 影响 较 大 的 是 钢铁 厂,对 该 城市 环境 质量 影响 较 大 的 是 钢铁 厂,P DT NN NN NN NN AD VA DEC VC NN,( (IP (NP (CP (IP (PP (P 对) (NP (NP (DP (DT 该)) (NP (NN 城市))) (NP (NN 环境) (NN 质量)))) (NP (NN 影响)) (VP (ADVP (AD 较)) (VP (VA 大)))) (DEC 的))) (VP (VC 是) (NP (NN 钢铁厂)))) )
9-B,对该城市环境质量影响较大的是	印染厂,None,,,,,对 该 城市 环境 质量 影响 较 大 的 是 印染厂,对 该 城市 环境 质量 影响 较 大 的 是 印染厂,P DT NN NN NN NN AD VA DEC VC NN,,影响_0（印染厂，城市环境质量，影响较大）,影响_0（印染厂，城市环境质量，影响较大）,0_0-5,0_0-5,影响,影响,,,对 该 城市 环境 质量 影响 较 大 的 是 印染 厂,对 该 城市 环境 质量 影响 较 大 的 是 印染 厂,P DT NN NN NN NN AD VA DEC VC NN,( (IP (NP (CP (IP (PP (P 对) (NP (NP (DP (DT 该)) (NP (NN 城市))) (NP (NN 环境) (NN 质量)))) (NP (NN 影响)) (VP (ADVP (AD 较)) (VP (VA 大)))) (DEC 的))) (VP (VC 是) (NP (NN 印染厂)))) )
9-C,对该城市环境质量影响较大的是	化肥厂,None,,,,,对 该 城市 环境 质量 影响 较 大 的 是 化肥厂,对 该 城市 环境 质量 影响 较 大 的 是 化肥厂,P DT NN NN NN NN AD VA DEC VC NN,,影响_0（化肥厂，城市环境质量，影响较大）,影响_0（化肥厂，城市环境质量，影响较大）,0_0-5,0_0-5,影响,影响,,,对 该 城市 环境 质量 影响 较 大 的 是 化肥 厂,对 该 城市 环境 质量 影响 较 大 的 是 化肥 厂,P DT NN NN NN NN AD VA DEC VC NN,( (IP (NP (CP (IP (PP (P 对) (NP (NP (DP (DT 该)) (NP (NN 城市))) (NP (NN 环境) (NN 质量)))) (NP (NN 影响)) (VP (ADVP (AD 较)) (VP (VA 大)))) (DEC 的))) (VP (VC 是) (NP (NN 化肥厂)))) )
9-D,对该城市环境质量影响较大的是	服装厂,None,,,,,对 该 城市 环境 质量 影响 较 大 的 是 服装厂,对 该 城市 环境 质量 影响 较 大 的 是 服装厂,P DT NN NN NN NN AD VA DEC VC NN,,影响_0（服装厂，城市环境质量，影响较大）,影响_0（服装厂，城市环境质量，影响较大）,0_0-5,0_0-5,影响,影响,,,对 该 城市 环境 质量 影响 较 大 的 是 服装 厂,对 该 城市 环境 质量 影响 较 大 的 是 服装 厂,P DT NN NN NN NN AD VA DEC VC NN,( (IP (NP (CP (IP (PP (P 对) (NP (NP (DP (DT 该)) (NP (NN 城市))) (NP (NN 环境) (NN 质量)))) (NP (NN 影响)) (VP (ADVP (AD 较)) (VP (VA 大)))) (DEC 的))) (VP (VC 是) (NP (NN 服装厂)))) )
10-A,与乙、丙、丁3个省市对应的依次是	苏、鲁、粤,None,,13 15 17,,,与 乙 、 丙 、 丁 3 个 省市 对应 的 依次 是 苏 、 鲁 、 粤,与 乙 、 丙 、 丁 3 个 省市 对应 的 依次 是 苏 、 鲁 、 粤,P NN PU NN PU NN CD M NN VV DEC AD VC loc PU loc PU loc,,匹配_0（乙，苏）匹配_1（丙，鲁）匹配_2（丁，粤）,匹配_0（乙，苏）匹配_1（丙，鲁）匹配_2（丁，粤）,0_9-12 1_9-12 2_9-12,0_9-12 1_9-12 2_9-12,匹配,匹配,,,与乙 、 丙 、 丁 3 个 省市 对应 的 依次 是 苏 、 鲁 、 粤,与乙 、 丙 、 丁 3 个 省市 对应 的 依次 是 苏 、 鲁 、 粤,P NN PU NN PU NR CD M NN VV DEC AD VC loc PU loc PU loc,( (IP (NP (CP (IP (VP (PP (P 与) (NP (NP (NN 乙) (PU 、) (NN 丙) (PU 、) (NN 丁)) (QP (CD 3) (CLP (M 个))) (NP (NN 省市)))) (VP (VV 对应)))) (DEC 的))) (VP (ADVP (AD 依次)) (VP (VC 是) (NP (NR 苏) (PU 、) (NR 鲁) (PU 、) (NR 粤))))) )
10-B,与乙、丙、丁3个省市对应的依次是	京、吉、苏,None,,13 15 17,,,与 乙 、 丙 、 丁 3 个 省市 对应 的 依次 是 京 、 吉 、 苏,与 乙 、 丙 、 丁 3 个 省市 对应 的 依次 是 京 、 吉 、 苏,P NN PU NN PU NN CD M NN VV DEC AD VC loc PU loc PU loc,,匹配_0（乙，京）匹配_1（丙，吉）匹配_2（丁，苏）,匹配_0（乙，京）匹配_1（丙，吉）匹配_2（丁，苏）,0_9-12 1_9-12 2_9-12,0_9-12 1_9-12 2_9-12,匹配,匹配,,,与乙 、 丙 、 丁 3 个 省市 对应 的 依次 是 京 、 吉 、 苏,与乙 、 丙 、 丁 3 个 省市 对应 的 依次 是 京 、 吉 、 苏,P NN PU NN PU NR CD M NN VV DEC AD VC loc PU loc PU loc,( (IP (NP (CP (IP (VP (PP (P 与) (NP (NP (NN 乙) (PU 、) (NN 丙) (PU 、) (NN 丁)) (QP (CD 3) (CLP (M 个))) (NP (NN 省市)))) (VP (VV 对应)))) (DEC 的))) (VP (ADVP (AD 依次)) (VP (VC 是) (NP (NR 京) (PU 、) (NR 吉) (PU 、) (NR 苏))))) )
10-C,与乙、丙、丁3个省市对应的依次是	吉、苏、鲁,None,,13 15 17,,,与 乙 、 丙 、 丁 3 个 省市 对应 的 依次 是 吉 、 苏 、 鲁,与 乙 、 丙 、 丁 3 个 省市 对应 的 依次 是 吉 、 苏 、 鲁,P NN PU NN PU NN CD M NN VV DEC AD VC loc PU loc PU loc,,匹配_0（乙，吉）匹配_1（丙，苏）匹配_2（丁，鲁）,匹配_0（乙，吉）匹配_1（丙，苏）匹配_2（丁，鲁）,0_9-12 1_9-12 2_9-12,0_9-12 1_9-12 2_9-12,匹配,匹配,,,与乙 、 丙 、 丁 3 个 省市 对应 的 依次 是 吉 、 苏 、 鲁,与乙 、 丙 、 丁 3 个 省市 对应 的 依次 是 吉 、 苏 、 鲁,P NN PU NN PU NR CD M NN VV DEC AD VC loc PU loc PU loc,( (IP (NP (CP (IP (VP (PP (P 与) (NP (NP (NN 乙) (PU 、) (NN 丙) (PU 、) (NN 丁)) (QP (CD 3) (CLP (M 个))) (NP (NN 省市)))) (VP (VV 对应)))) (DEC 的))) (VP (ADVP (AD 依次)) (VP (VC 是) (NP (NR 吉) (PU 、) (NR 苏) (PU 、) (NR 鲁))))) )
10-D,与乙、丙、丁3个省市对应的依次是	粤、京、吉,None,,13 15 17,,,与 乙 、 丙 、 丁 3 个 省市 对应 的 依次 是 粤 、 京 、 吉,与 乙 、 丙 、 丁 3 个 省市 对应 的 依次 是 粤 、 京 、 吉,P NN PU NN PU NN CD M NN VV DEC AD VC loc PU loc PU loc,,匹配_0（乙，粤）匹配_1（丙，京）匹配_2（丁，吉）,匹配_0（乙，粤）匹配_1（丙，京）匹配_2（丁，吉）,0_9-12 1_9-12 2_9-12,0_9-12 1_9-12 2_9-12,匹配,匹配,,,与乙 、 丙 、 丁 3 个 省市 对应 的 依次 是 粤 、 京 、 吉,与乙 、 丙 、 丁 3 个 省市 对应 的 依次 是 粤 、 京 、 吉,P NN PU NN PU NR CD M NN VV DEC AD VC loc PU loc PU loc,( (IP (NP (CP (IP (VP (PP (P 与) (NP (NP (NN 乙) (PU 、) (NN 丙) (PU 、) (NN 丁)) (QP (CD 3) (CLP (M 个))) (NP (NN 省市)))) (VP (VV 对应)))) (DEC 的))) (VP (ADVP (AD 依次)) (VP (VC 是) (NP (NR 粤) (PU 、) (NR 京) (PU 、) (NR 吉))))) )
11-A,与全国相比，人均耕地和人均粮食的关系有特殊性，其主要原因是	人口数量增长较快,None,,,,,与 全国 相比 ， 人均 耕地 和 人均 粮食 的 关系 有 特殊性 ， 其 主要 原因 是 人口 数量 增长 较 快,与 全国 相比 ， 人均 耕地 和 人均 粮食 的 关系 有 特殊性 ， 其 主要 原因 是 人口 数量 增长 较 快,P NN VV PU JJ NN CC JJ NN DEG NN VE NN PU PN JJ NN VC NN NN NN AD VA,,因果_0（人口数量增长较快，与全国相比人均耕地和人均粮食的关系有特殊性）,因果_0（趋势_1（人口数量增长，#，#，较快），与全国相比人均耕地和人均粮食的关系有特殊性）,0_15-16-17,0_15-16-17 1_21-22,因果,因果 趋势,,,与 全国 相比 ， 人均 耕地 和 人均 粮食 的 关系 有 特殊性 ， 其 主要 原因 是 人口 数量 增长 较 快,与 全国 相比 ， 人均 耕地 和 人均 粮食 的 关系 有 特殊性 ， 其 主要 原因 是 人口 数量 增长 较 快,P NN VV PU JJ NN CC JJ NN DEG NN VE NN PU PN JJ NN VC NN NN NN AD VA,( (IP (IP (VP (PP (P 与) (NP (NN 全国))) (VP (VV 相比)))) (PU ，) (IP (NP (DNP (NP (NP (ADJP (JJ 人均)) (NP (NN 耕地))) (CC 和) (NP (ADJP (JJ 人均)) (NP (NN 粮食)))) (DEG 的)) (NP (NN 关系))) (VP (VE 有) (NP (NN 特殊性)))) (PU ，) (NP (NP (PN 其)) (ADJP (JJ 主要)) (NP (NN 原因))) (VP (VC 是) (IP (NP (NN 人口) (NN 数量)) (NP (NN 增长)) (VP (ADVP (AD 较)) (VP (VA 快)))))) )
11-B,与全国相比，人均耕地和人均粮食的关系有特殊性，其主要原因是	城市化水平不断提高,None,,,,,与 全国 相比 ， 人均 耕地 和 人均 粮食 的 关系 有 特殊性 ， 其 主要 原因 是 城市化 水平 不断 提高,与 全国 相比 ， 人均 耕地 和 人均 粮食 的 关系 有 特殊性 ， 其 主要 原因 是 城市化 水平 不断 提高,P NN VV PU JJ NN CC JJ NN DEG NN VE NN PU PN JJ NN VC NN NN AD VV,,因果_0（城市化水平不断提高，与全国相比人均耕地和人均粮食的关系有特殊性）,因果_0（趋势_1（城市化水平，#，#，提高），与全国相比人均耕地和人均粮食的关系有特殊性）,0_15-16-17,0_15-16-17 1_21,因果,因果 趋势,,,与 全国 相比 ， 人均 耕地 和 人均 粮食 的 关系 有 特殊性 ， 其 主要 原因 是 城市化 水平 不断 提高,与 全国 相比 ， 人均 耕地 和 人均 粮食 的 关系 有 特殊性 ， 其 主要 原因 是 城市化 水平 不断 提高,P NN VV PU JJ NN CC JJ NN DEG NN VE NN PU PN JJ NN VC NN NN AD VV,( (IP (IP (VP (PP (P 与) (NP (NN 全国))) (VP (VV 相比)))) (PU ，) (IP (NP (DNP (NP (NP (ADJP (JJ 人均)) (NP (NN 耕地))) (CC 和) (NP (ADJP (JJ 人均)) (NP (NN 粮食)))) (DEG 的)) (NP (NN 关系))) (VP (VE 有) (NP (NN 特殊性)))) (PU ，) (IP (NP (NP (PN 其)) (ADJP (JJ 主要)) (NP (NN 原因))) (VP (VC 是) (IP (NP (NN 城市化) (NN 水平)) (VP (ADVP (AD 不断)) (VP (VV 提高))))))) )
11-C,与全国相比，人均耕地和人均粮食的关系有特殊性，其主要原因是	耕地面积逐年减少,None,,,,,与 全国 相比 ， 人均 耕地 和 人均 粮食 的 关系 有 特殊性 ， 其 主要 原因 是 耕地 面积 逐年 减少,与 全国 相比 ， 人均 耕地 和 人均 粮食 的 关系 有 特殊性 ， 其 主要 原因 是 耕地 面积 逐年 减少,P NN VV PU JJ NN CC JJ NN DEG NN VE NN PU PN JJ NN VC NN NN AD VV,,因果_0（耕地面积逐年减少，与全国相比人均耕地和人均粮食的关系有特殊性）,因果_0（趋势_1（耕地面积，#，逐年，减少），与全国相比人均耕地和人均粮食的关系有特殊性）,0_15-16-17,0_15-16-17 1_20-21,因果,因果 趋势,,,与 全国 相比 ， 人均 耕地 和 人均 粮食 的 关系 有 特殊性 ， 其 主要 原因 是 耕地 面积 逐年 减少,与 全国 相比 ， 人均 耕地 和 人均 粮食 的 关系 有 特殊性 ， 其 主要 原因 是 耕地 面积 逐年 减少,P NN VV PU JJ NN CC JJ NN DEG NN VE NN PU PN JJ NN VC NN NN AD VV,( (IP (IP (IP (VP (PP (P 与) (NP (NN 全国))) (VP (VV 相比)))) (PU ，) (NP (DNP (NP (NP (ADJP (JJ 人均)) (NP (NN 耕地))) (CC 和) (NP (ADJP (JJ 人均)) (NP (NN 粮食)))) (DEG 的)) (NP (NN 关系))) (VP (VE 有) (NP (NN 特殊性)))) (PU ，) (NP (NP (PN 其)) (ADJP (JJ 主要)) (NP (NN 原因))) (VP (VC 是) (IP (NP (NN 耕地) (NN 面积)) (VP (ADVP (AD 逐年)) (VP (VV 减少)))))) )
11-D,与全国相比，人均耕地和人均粮食的关系有特殊性，其主要原因是	经济作物播种面积增加,None,,,,,与 全国 相比 ， 人均 耕地 和 人均 粮食 的 关系 有 特殊性 ， 其 主要 原因 是 经济 作物 播种 面积 增加,与 全国 相比 ， 人均 耕地 和 人均 粮食 的 关系 有 特殊性 ， 其 主要 原因 是 经济 作物 播种 面积 增加,P NN VV PU JJ NN CC JJ NN DEG NN VE NN PU PN JJ NN VC NN NN NN NN VV,,因果_0（经济作物播种面积增加，与全国相比人均耕地和人均粮食的关系有特殊性）,因果_0（趋势_1（经济作物，播种面积，#，增加），与全国相比人均耕地和人均粮食的关系有特殊性）,0_15-16-17,0_15-16-17 1_21,因果,因果 趋势,,,与 全国 相比 ， 人均 耕地 和 人均 粮食 的 关系 有 特殊性 ， 其 主要 原因 是 经济 作物 播种 面积 增加,与 全国 相比 ， 人均 耕地 和 人均 粮食 的 关系 有 特殊性 ， 其 主要 原因 是 经济 作物 播种 面积 增加,P NN VV PU JJ NN CC JJ NN DEG NN VE NN PU PN JJ NN VC NN NN NN NN VV,( (IP (NP (PP (P 与) (NP (IP (IP (NP (NN 全国)) (VP (VV 相比))) (PU ，) (IP (NP (DNP (NP (NP (ADJP (JJ 人均)) (NP (NN 耕地))) (CC 和) (NP (ADJP (JJ 人均)) (NP (NN 粮食)))) (DEG 的)) (NP (NN 关系))) (VP (VE 有) (NP (NN 特殊性)))) (PU ，) (IP (NP (NP (PN 其)) (ADJP (JJ 主要)) (NP (NN 原因))) (VP (VC 是) (NP (NN 经济) (NN 作物))))) (NP (NN 播种)))) (NP (NN 面积))) (VP (VV 增加))) )
