编号,文本,拆分信息,时间,地点,术语,数量词,（粗粒度）分词,（细粒度）分词,词性,成分分析,简化模板,完整模板,简化模板线索词,完整模板线索词,简化模板类型,完整模板类型,（auto）时间,（auto）地点,（auto粗粒度）分词,（auto细粒度）分词,（auto）词性,（auto）成分分析
1-A,目前，人类已知月球上的能源有	生物能、风能,None,0,,,,目前 ， 人类 已 知 月球 上 的 能源 有 生物能 、 风能,目前 ， 人类 已 知 月球 上 的 能源 有 生物能 、 风能,time PU NN AD VV NN LC DEG NN VE NN PU NN,,时间限定_0（目前）匹配_1（人类已知月球上的能源，生物能）匹配_2（人类已知月球上的能源，风能）,时间限定_0（目前）匹配_1（人类已知月球上的能源，生物能）匹配_2（人类已知月球上的能源，风能）,1_0 2_9,1_0 2_9,时间限定 匹配,时间限定 匹配,0,,目前 ， 人类 已 知 月球 上 的 能源 有 生物能 、 风能,目前 ， 人类 已 知 月球 上 的 能源 有 生物能 、 风能,time PU NN AD VV NN LC DEG NN VE NN PU NN,( (IP (NP (NT 目前)) (PU ，) (NP (NN 人类)) (VP (ADVP (AD 已)) (VP (VV 知) (IP (NP (DNP (LCP (NP (NN 月球)) (LC 上)) (DEG 的)) (NP (NN 能源))) (VP (VE 有) (NP (NN 生物能) (PU 、) (NN 风能))))))) )
1-B,目前，人类已知月球上的能源有	核能、潮汐能,None,0,,,,目前 ， 人类 已 知 月球 上 的 能源 有 核能 、 潮汐能,目前 ， 人类 已 知 月球 上 的 能源 有 核能 、 潮汐能,time PU NN AD VV NN LC DEG NN VE NN PU NN,,时间限定_0（目前）匹配_1（人类已知月球上的能源，核能）匹配_2（人类已知月球上的能源，潮汐能）,时间限定_0（目前）匹配_1（人类已知月球上的能源，核能）匹配_2（人类已知月球上的能源，潮汐能）,1_0 2_9,1_0 2_9,时间限定 匹配,时间限定 匹配,0,,目前 ， 人类 已 知 月球 上 的 能源 有 核能 、 潮汐 能,目前 ， 人类 已 知 月球 上 的 能源 有 核能 、 潮汐 能,time PU NN AD VV NN LC DEG NN VE NN PU NN,( (IP (NP (NT 目前)) (PU ，) (NP (NN 人类)) (VP (ADVP (AD 已)) (VP (VV 知) (IP (NP (DNP (LCP (NP (NN 月球)) (LC 上)) (DEG 的)) (NP (NN 能源))) (VP (VE 有) (NP (NN 核能) (PU 、) (NN 潮汐能))))))) )
1-C,目前，人类已知月球上的能源有	潮汐能、太阳能,None,0,,,,目前 ， 人类 已 知 月球 上 的 能源 有 潮汐能 、 太阳能,目前 ， 人类 已 知 月球 上 的 能源 有 潮汐能 、 太阳能,time PU NN AD VV NN LC DEG NN VE NN PU NN,,时间限定_0（目前）匹配_1（人类已知月球上的能源，潮汐能）匹配_2（人类已知月球上的能源，太阳能）,时间限定_0（目前）匹配_1（人类已知月球上的能源，潮汐能）匹配_2（人类已知月球上的能源，太阳能）,1_0 2_9,1_0 2_9,时间限定 匹配,时间限定 匹配,0,,目前 ， 人类 已 知 月球 上 的 能源 有 潮汐能 、 太阳 能,目前 ， 人类 已 知 月球 上 的 能源 有 潮汐能 、 太阳 能,time PU NN AD VV NN LC DEG NN VE NN PU NN,( (IP (NP (NT 目前)) (PU ，) (NP (NN 人类)) (VP (ADVP (AD 已)) (VP (VV 知) (IP (NP (DNP (LCP (NP (NN 月球)) (LC 上)) (DEG 的)) (NP (NN 能源))) (VP (VE 有) (NP (NN 潮汐能) (PU 、) (NN 太阳能))))))) )
1-D,目前，人类已知月球上的能源有	太阳能、核能,None,0,,,,目前 ， 人类 已 知 月球 上 的 能源 有 太阳能 、 核能,目前 ， 人类 已 知 月球 上 的 能源 有 太阳能 、 核能,time PU NN AD VV NN LC DEG NN VE NN PU NN,,时间限定_0（目前）匹配_1（人类已知月球上的能源，太阳能）匹配_2（人类已知月球上的能源，核能）,时间限定_0（目前）匹配_1（人类已知月球上的能源，太阳能）匹配_2（人类已知月球上的能源，核能）,1_0 2_9,1_0 2_9,时间限定 匹配,时间限定 匹配,0,,目前 ， 人类 已 知 月球 上 的 能源 有 太阳能 、 核能,目前 ， 人类 已 知 月球 上 的 能源 有 太阳能 、 核能,time PU NN AD VV NN LC DEG NN VE NN PU NN,( (IP (NP (NT 目前)) (PU ，) (NP (NN 人类)) (VP (ADVP (AD 已)) (VP (VV 知) (IP (NP (DNP (LCP (NP (NN 月球)) (LC 上)) (DEG 的)) (NP (NN 能源))) (VP (VE 有) (NP (NN 太阳能) (PU 、) (NN 核能))))))) )
2-A,一般情况下，图1中表示北京地区电视收视率变化的曲线是	①,None,,7,,,一般 情况 下 ， 图1 中 表示 北京地区 电视 收视率 变化 的 曲线 是 ①,一般 情况 下 ， 图1 中 表示 北京 地区 电视 收视率 变化 的 曲线 是 ①,JJ NN LC PU NN LC VV loc NN NN NN DEG NN VC NN,,匹配_0（北京地区电视收视率变化的曲线，①）,匹配_0（北京地区电视收视率变化的曲线，①）,0_13,0_13,匹配,匹配,,,一般 情况 下 ， 图1 中 表示 北京 地区 电视 收视率 变化 的 曲线 是 ①,一般 情况 下 ， 图1 中 表示 北京 地区 电视 收视率 变化 的 曲线 是 ①,JJ NN LC PU NN LC VV loc NN NN NN DEG NN VC NN,( (IP (LCP (NP (ADJP (JJ 一般)) (NP (NN 情况))) (LC 下)) (PU ，) (NP (LCP (NP (NN 图1)) (LC 中)) (DNP (NP (CP (IP (VP (VV 表示) (NP (NP (NR 北京地区) (NN 电视)) (NP (NN 收视率)))))) (NP (NN 变化))) (DEG 的)) (NP (NN 曲线))) (VP (VC 是) (NP (NN ①)))) )
2-B,一般情况下，图1中表示北京地区电视收视率变化的曲线是	②,None,,7,,,一般 情况 下 ， 图1 中 表示 北京地区 电视 收视率 变化 的 曲线 是 ②,一般 情况 下 ， 图1 中 表示 北京 地区 电视 收视率 变化 的 曲线 是 ②,JJ NN LC PU NN LC VV loc NN NN NN DEG NN VC NN,,匹配_0（北京地区电视收视率变化的曲线，②）,匹配_0（北京地区电视收视率变化的曲线，②）,0_13,0_13,匹配,匹配,,,一般 情况 下 ， 图1 中 表示 北京 地区 电视 收视率 变化 的 曲线 是 ②,一般 情况 下 ， 图1 中 表示 北京 地区 电视 收视率 变化 的 曲线 是 ②,JJ NN LC PU NN LC VV loc NN NN NN DEG NN VC NN,( (IP (LCP (NP (ADJP (JJ 一般)) (NP (NN 情况))) (LC 下)) (PU ，) (NP (LCP (NP (NN 图1)) (LC 中)) (DNP (NP (CP (IP (VP (VV 表示) (NP (NP (NR 北京地区) (NN 电视)) (NP (NN 收视率)))))) (NP (NN 变化))) (DEG 的)) (NP (NN 曲线))) (VP (VC 是) (NP (NN ②)))) )
2-C,一般情况下，图1中表示北京地区电视收视率变化的曲线是	③,None,,7,,,一般 情况 下 ， 图1 中 表示 北京地区 电视 收视率 变化 的 曲线 是 ③,一般 情况 下 ， 图1 中 表示 北京 地区 电视 收视率 变化 的 曲线 是 ③,JJ NN LC PU NN LC VV loc NN NN NN DEG NN VC NN,,匹配_0（北京地区电视收视率变化的曲线，③）,匹配_0（北京地区电视收视率变化的曲线，③）,0_13,0_13,匹配,匹配,,,一般 情况 下 ， 图1 中 表示 北京 地区 电视 收视率 变化 的 曲线 是 ③,一般 情况 下 ， 图1 中 表示 北京 地区 电视 收视率 变化 的 曲线 是 ③,JJ NN LC PU NN LC VV loc NN NN NN DEG NN VC NN,( (IP (LCP (NP (ADJP (JJ 一般)) (NP (NN 情况))) (LC 下)) (PU ，) (NP (LCP (NP (NN 图1)) (LC 中)) (DNP (NP (CP (IP (VP (VV 表示) (NP (NP (NR 北京地区) (NN 电视)) (NP (NN 收视率)))))) (NP (NN 变化))) (DEG 的)) (NP (NN 曲线))) (VP (VC 是) (NP (NN ③)))) )
2-D,一般情况下，图1中表示北京地区电视收视率变化的曲线是	④,None,,7,,,一般 情况 下 ， 图1 中 表示 北京地区 电视 收视率 变化 的 曲线 是 ④,一般 情况 下 ， 图1 中 表示 北京 地区 电视 收视率 变化 的 曲线 是 ④,JJ NN LC PU NN LC VV loc NN NN NN DEG NN VC NN,,匹配_0（北京地区电视收视率变化的曲线，④）,匹配_0（北京地区电视收视率变化的曲线，④）,0_13,0_13,匹配,匹配,,,一般 情况 下 ， 图1 中 表示 北京 地区 电视 收视率 变化 的 曲线 是 ④,一般 情况 下 ， 图1 中 表示 北京 地区 电视 收视率 变化 的 曲线 是 ④,JJ NN LC PU NN LC VV loc NN NN NN DEG NN VC NN,( (IP (LCP (NP (ADJP (JJ 一般)) (NP (NN 情况))) (LC 下)) (PU ，) (NP (LCP (NP (NN 图1)) (LC 中)) (DNP (NP (CP (IP (VP (VV 表示) (NP (NP (NR 北京地区) (NN 电视)) (NP (NN 收视率)))))) (NP (NN 变化))) (DEG 的)) (NP (NN 曲线))) (VP (VC 是) (NP (NN ④)))) )
3-A,如果该图为在大气环流模式，S线代表地球表面，则	E处气温比H处高,None,,,5,,如果 该 图 为 在 大气环流 模式 ， S线 代表 地球 表面 ， 则 E处 气温 比 H处 高,如果 该 图 为 在 大气 环流 模式 ， S线 代表 地球 表面 ， 则 E处 气温 比 H处 高,CS DT NN VC P term NN PU NN VV NN NN PU AD NN NN P NN VA,,匹配_0（该图，在大气环流模式）匹配_1（S线，地球表面）比较_2（E处，H处，气温，高）,匹配_0（该图，在大气环流模式）匹配_1（S线，地球表面）比较_2（E处，H处，气温，高）,0_3 1_9 2_16-18,0_3 1_9 2_16-18,匹配 比较,匹配 比较,,5,如果 该 图 为 在 气 环流 模式 ， S线 代表 地球 表面 ， 则 E处 气温 比 H处 高,如果 该 图 为 在 气 环流 模式 ， S线 代表 地球 表面 ， 则 E处 气温 比 H处 高,CS DT NN VC P term NN PU NN VV NN NN PU AD VV NN P NN VA,( (IP (CP (ADVP (CS 如果)) (IP (NP (DP (DT 该)) (NP (NN 图))) (VP (VC 为) (NP (PP (P 在) (NP (NN 大气环流))) (NP (NN 模式)))))) (PU ，) (IP (NP (NN S线)) (VP (VV 代表) (NP (NN 地球) (NN 表面)))) (PU ，) (IP (NP (ADVP (AD 则)) (NP (NN E处) (NN 气温))) (VP (PP (P 比) (NP (NN H处))) (VP (VA 高))))) )
3-B,如果该图为在大气环流模式，S线代表地球表面，则	F处气压比G处低,None,,,5,,如果 该 图 为 在 大气环流 模式 ， S线 代表 地球 表面 ， 则 F处 气压 比 G处 低,如果 该 图 为 在 大气 环流 模式 ， S线 代表 地球 表面 ， 则 F处 气压 比 G处 低,CS DT NN VC P term NN PU NN VV NN NN PU AD NN NN P NN VA,,匹配_0（该图，在大气环流模式）匹配_1（S线，地球表面）比较_2（F处，G处，气压，低）,匹配_0（该图，在大气环流模式）匹配_1（S线，地球表面）比较_2（F处，G处，气压，低）,0_3 1_9 2_16-18,0_3 1_9 2_16-18,匹配 比较,匹配 比较,,5,如果 该 图 为 在 气 环流 模式 ， S线 代表 地球 表面 ， 则 F处 气压 比 G处 低,如果 该 图 为 在 气 环流 模式 ， S线 代表 地球 表面 ， 则 F处 气压 比 G处 低,CS DT NN VC P term NN PU NN VV NN NN PU AD VV NN P NN VA,( (IP (CP (ADVP (CS 如果)) (IP (NP (DP (DT 该)) (NP (NN 图))) (VP (VC 为) (NP (PP (P 在) (NP (NN 大气环流))) (NP (NN 模式)))))) (PU ，) (IP (NP (NN S线)) (VP (VV 代表) (NP (NN 地球) (NN 表面)))) (PU ，) (IP (ADVP (AD 则)) (NP (NN F处) (NN 气压)) (VP (PP (P 比) (NP (NN G处))) (VP (VA 低))))) )
3-C,如果该图为在大气环流模式，S线代表地球表面，则	气流②自西向东运动,None,,,5,,如果 该 图 为 在 大气环流 模式 ， S线 代表 地球 表面 ， 则 气流 ② 自 西 向 东 运动,如果 该 图 为 在 大气 环流 模式 ， S线 代表 地球 表面 ， 则 气流 ② 自 西 向 东 运动,CS DT NN VC P term NN PU NN VV NN NN PU AD NN NN P NN P NN NN,,匹配_0（该图，在大气环流模式）匹配_1（S线，地球表面）实体信息陈述_2（气流②，#，自西向东运动）,匹配_0（该图，在大气环流模式）匹配_1（S线，地球表面）实体信息陈述_2（气流②，#，自西向东运动）,0_3 1_9,0_3 1_9,匹配 实体信息陈述,匹配 实体信息陈述,,5,如果 该 图 为 在 气 环流 模式 ， S线 代表 地球 表面 ， 则 气流 ② 自 西向东 运动,如果 该 图 为 在 气 环流 模式 ， S线 代表 地球 表面 ， 则 气流 ② 自 西向东 运动,CS DT NN VC P term NN PU NN VV NN NN PU AD VV AS P NR NN,( (IP (CP (ADVP (CS 如果)) (IP (NP (DP (DT 该)) (NP (NN 图))) (VP (VC 为) (NP (PP (P 在) (NP (NN 大气环流))) (NP (NN 模式)))))) (PU ，) (IP (NP (NN S线)) (VP (VV 代表) (NP (NN 地球) (NN 表面)))) (PU ，) (IP (ADVP (AD 则)) (NP (NN 气流) (NN ②)) (VP (PP (PP (P 自) (NP (NN 西))) (PP (P 向) (NP (NN 东) (NN 运动))))))) )
3-D,如果该图为在大气环流模式，S线代表地球表面，则	E处的高度可达120千米,None,,,5,19,如果 该 图 为 在 大气环流 模式 ， S线 代表 地球 表面 ， 则 E处 的 高度 可 达 120千米,如果 该 图 为 在 大气 环流 模式 ， S线 代表 地球 表面 ， 则 E处 的 高度 可 达 120 千米,CS DT NN VC P term NN PU NN VV NN NN PU AD NN DEG NN VV VV num,,匹配_0（该图，在大气环流模式）匹配_1（S线，地球表面）实体信息陈述_2（E处，高度，120千米）,匹配_0（该图，在大气环流模式）匹配_1（S线，地球表面）实体信息陈述_2（E处，高度，120千米）,0_3 1_9,0_3 1_9,匹配 实体信息陈述,匹配 实体信息陈述,,5,如果 该 图 为 在 气 环流 模式 ， S线 代表 地球 表面 ， 则 E处 的 高度 可 达 120 千米,如果 该 图 为 在 气 环流 模式 ， S线 代表 地球 表面 ， 则 E处 的 高度 可 达 120 千米,CS DT NN VC P term NN PU NN VV NN NN PU AD NN DEG NN VV VV num,( (IP (CP (ADVP (CS 如果)) (IP (NP (DP (DT 该)) (NP (NN 图))) (VP (VC 为) (NP (PP (P 在) (NP (NN 大气环流))) (NP (NN 模式)))))) (PU ，) (IP (NP (NN S线)) (VP (VV 代表) (NP (NN 地球) (NN 表面)))) (PU ，) (IP (ADVP (AD 则)) (NP (DNP (NP (NN E处)) (DEG 的)) (NP (NN 高度))) (VP (VV 可) (VP (VV 达) (QP (CD 120千米)))))) )
4-A,如果该图为海陆间水循环模式，S线代表地球表面，则	环节①参与地表淡水资源的补给,None,,,4,,如果 该 图 为 海陆间水循环 模式 ， S线 代表 地球 表面 ， 则 环节 ① 参与 地表 淡水 资源 的 补给,如果 该 图 为 海陆 间 水 循环 模式 ， S线 代表 地球 表面 ， 则 环节 ① 参与 地表 淡水 资源 的 补给,CS DT NN VC term NN PU NN VV NN NN PU AD NN NN VV NN NN NN DEG NN,,匹配_0（该图，海陆间水循环模式）匹配_1（S线，地球表面）一般陈述_2（环节①参与地表淡水资源的补给）,匹配_0（该图，海陆间水循环模式）匹配_1（S线，地球表面）一般陈述_2（环节①参与地表淡水资源的补给）,0_3 1_8,0_3 1_8,匹配 一般陈述,匹配 一般陈述,,4,如果 该 图 为 海陆间水循环 模式 ， S线 代表 地球 表面 ， 则 环节 ① 参与 地表 淡水 资源 的 补给,如果 该 图 为 海陆间水循环 模式 ， S线 代表 地球 表面 ， 则 环节 ① 参与 地表 淡水 资源 的 补给,CS DT NN VC term NN PU NN VV NN NN PU AD VV VV VV NN NR NN DEG NN,( (IP (CP (ADVP (CS 如果)) (IP (NP (DP (DT 该)) (NP (NN 图))) (VP (VC 为) (NP (NN 海陆间水循环) (NN 模式))))) (PU ，) (IP (NP (NN S线)) (VP (VV 代表) (NP (NN 地球) (NN 表面)))) (PU ，) (IP (ADVP (AD 则)) (NP (NN 环节) (NN ①)) (VP (VV 参与) (NP (DNP (NP (NP (NN 地表)) (NP (NN 淡水) (NN 资源))) (DEG 的)) (NP (NN 补给)))))) )
4-B,如果该图为海陆间水循环模式，S线代表地球表面，则	环节②是陆地自然带形成的基础,None,,,4,,如果 该 图 为 海陆间水循环 模式 ， S线 代表 地球 表面 ， 则 环节 ② 是 陆地 自然带 形成 的 基础,如果 该 图 为 海陆 间 水 循环 模式 ， S线 代表 地球 表面 ， 则 环节 ② 是 陆地 自然带 形成 的 基础,CS DT NN VC term NN PU NN VV NN NN PU AD NN NN VC NN NN VV DEC NN,,匹配_0（该图，海陆间水循环模式）匹配_1（S线，地球表面）实体信息陈述_2（环节②，#，陆地自然带形成的基础）,匹配_0（该图，海陆间水循环模式）匹配_1（S线，地球表面）实体信息陈述_2（环节②，#，陆地自然带形成的基础）,0_3 1_8,0_3 1_8,匹配 实体信息陈述,匹配 实体信息陈述,,4,如果 该 图 为 海陆间水循环 模式 ， S线 代表 地球 表面 ， 则 环节 ② 是 陆地 自然带 形成 的 基础,如果 该 图 为 海陆间水循环 模式 ， S线 代表 地球 表面 ， 则 环节 ② 是 陆地 自然带 形成 的 基础,CS DT NN VC term NN PU NN VV NN NN PU AD VV VV VC NN NN VV DEC NN,( (IP (CP (ADVP (CS 如果)) (IP (NP (DP (DT 该)) (NP (NN 图))) (VP (VC 为) (NP (NN 海陆间水循环) (NN 模式))))) (PU ，) (IP (NP (NN S线)) (VP (VV 代表) (NP (NN 地球) (NN 表面)))) (PU ，) (IP (ADVP (AD 则)) (NP (NN 环节) (NN ②)) (VP (VC 是) (NP (CP (IP (NP (NN 陆地) (NN 自然带)) (VP (VV 形成))) (DEC 的)) (NP (NN 基础)))))) )
4-C,如果该图为海陆间水循环模式，S线代表地球表面，则	环节③使大洋表面海水的盐度降低,None,,,4,,如果 该 图 为 海陆间水循环 模式 ， S线 代表 地球 表面 ， 则 环节 ③ 使 大洋 表面 海水 的 盐度 降低,如果 该 图 为 海陆 间 水 循环 模式 ， S线 代表 地球 表面 ， 则 环节 ③ 使 大洋 表面 海水 的 盐度 降低,CS DT NN VC term NN PU NN VV NN NN PU AD NN NN VV NN NN NN DEG NN VV,,匹配_0（该图，海陆间水循环模式）匹配_1（S线，地球表面）趋势_2（大洋表面海水，盐都，环节③，降低）,匹配_0（该图，海陆间水循环模式）匹配_1（S线，地球表面）趋势_2（大洋表面海水，盐都，环节③，降低）,0_3 1_8 2_21,0_3 1_8 2_21,匹配 趋势,匹配 趋势,,4,如果 该 图 为 海陆间水循环 模式 ， S线 代表 地球 表面 ， 则 环节 ③ 使 大洋 表面 海水 的 盐度 降低,如果 该 图 为 海陆间水循环 模式 ， S线 代表 地球 表面 ， 则 环节 ③ 使 大洋 表面 海水 的 盐度 降低,CS DT NN VC term NN PU NN VV NN NN PU AD VV VV VV NN NN NN DEG NN VV,( (IP (CP (ADVP (CS 如果)) (IP (NP (DP (DT 该)) (NP (NN 图))) (VP (VC 为) (NP (NN 海陆间水循环) (NN 模式))))) (PU ，) (IP (NP (NN S线)) (VP (VV 代表) (NP (NN 地球) (NN 表面)))) (PU ，) (IP (ADVP (AD 则)) (NP (NN 环节) (NN ③)) (VP (VV 使) (NP (NN 大洋) (NN 表面)) (IP (NP (DNP (NP (NN 海水)) (DEG 的)) (NP (NN 盐度))) (VP (VV 降低)))))) )
4-D,如果该图为海陆间水循环模式，S线代表地球表面，则	环节④的运动距离与下垫面无关,None,,,4,,如果 该 图 为 海陆间水循环 模式 ， S线 代表 地球 表面 ， 则 环节 ④ 的 运动 距离 与 下垫面 无关,如果 该 图 为 海陆 间 水 循环 模式 ， S线 代表 地球 表面 ， 则 环节 ④ 的 运动 距离 与 下垫面 无关,CS DT NN VC term NN PU NN VV NN NN PU AD NN NN DEG NN NN CC NN VV,,匹配_0（该图，海陆间水循环模式）匹配_1（S线，地球表面）实体信息陈述_2（环节④，运动距离，与下垫面无关）,匹配_0（该图，海陆间水循环模式）匹配_1（S线，地球表面）实体信息陈述_2（环节④，运动距离，与下垫面无关）,0_3 1_8,0_3 1_8,匹配 实体信息陈述,匹配 实体信息陈述,,4,如果 该 图 为 海陆间水循环 模式 ， S线 代表 地球 表面 ， 则 环节 ④ 的 运动 距离 与 下垫面 无关,如果 该 图 为 海陆间水循环 模式 ， S线 代表 地球 表面 ， 则 环节 ④ 的 运动 距离 与 下垫面 无关,CS DT NN VC term NN PU NN VV NN NN PU AD VV VV DEC NN NN CC NN VV,( (IP (CP (ADVP (CS 如果)) (IP (NP (DP (DT 该)) (NP (NN 图))) (VP (VC 为) (NP (NN 海陆间水循环) (NN 模式))))) (PU ，) (IP (NP (NN S线)) (VP (VV 代表) (NP (NN 地球) (NN 表面)))) (PU ，) (IP (ADVP (AD 则)) (NP (NP (DNP (NP (NN 环节) (NN ④)) (DEG 的)) (NP (NN 运动))) (NP (NN 距离) (CC 与) (NN 下垫面))) (VP (VV 无关)))) )
5-A,如果该图为世界洋流模式的南半球部分，S线代表纬线，则	洋流①对沿岸气候有降温、减湿作用,None,,,5 8 13 16 20,,如果 该 图 为 世界 洋流 模式 的 南半球 部分 ， S线 代表 纬线 ， 则 洋流 ① 对 沿岸 气候 有 降温 、 减湿 作用,如果 该 图 为 世界 洋流 模式 的 南半球 部分 ， S线 代表 纬线 ， 则 洋流 ① 对 沿岸 气候 有 降温 、 减湿 作用,CS DT NN VC NN term NN DEG term NN PU NN VV term PU AD term NN P NN term VE VV PU VV NN,,匹配_0（该图，世界洋流模式的南半球部分）匹配_1（S线，纬线）影响_2（洋流①，沿岸气候，降温、减湿作用）,匹配_0（该图，世界洋流模式的南半球部分）匹配_1（S线，纬线）影响_2（洋流①，沿岸气候，降温、减湿作用）,0_3 1_12 2_25,0_3 1_12 2_25,匹配 影响,匹配 影响,,,如果 该 图 为 世界 洋流 模式 的 南半球 部分 ， S线 代表 纬线 ， 则 洋流 ① 对 沿岸 气候 有 降温 、 减湿 作用,如果 该 图 为 世界 洋流 模式 的 南半球 部分 ， S线 代表 纬线 ， 则 洋流 ① 对 沿岸 气候 有 降温 、 减湿 作用,CS DT NN VC NN term NN DEG term NN PU NN VV term PU AD term M P NN term VE VV PU NN NN,( (IP (CP (ADVP (CS 如果)) (IP (NP (DP (DT 该)) (NP (NN 图))) (VP (VC 为) (NP (DNP (NP (NN 世界) (NN 洋流) (NN 模式)) (DEG 的)) (NP (NN 南半球) (NN 部分)))))) (PU ，) (IP (NP (NN S线)) (VP (VV 代表) (NP (NN 纬线)))) (PU ，) (IP (ADVP (AD 则)) (NP (NN 洋流) (NN ①)) (VP (PP (P 对) (NP (NN 沿岸) (NN 气候))) (VP (VE 有) (NP (CP (IP (VP (VV 降温) (PU 、) (VV 减湿)))) (NP (NN 作用))))))) )
5-B,如果该图为世界洋流模式的南半球部分，S线代表纬线，则	洋流②为西风漂流,None,,,5 8 13 16 19,,如果 该 图 为 世界 洋流 模式 的 南半球 部分 ， S线 代表 纬线 ， 则 洋流 ② 为 西风漂流,如果 该 图 为 世界 洋流 模式 的 南半球 部分 ， S线 代表 纬线 ， 则 洋流 ② 为 西风 漂流,CS DT NN VC NN term NN DEG term NN PU NN VV term PU AD term NN VC term,,匹配_0（该图，世界洋流模式的南半球部分）匹配_1（S线，纬线）匹配_2（洋流②，西风漂流）,匹配_0（该图，世界洋流模式的南半球部分）匹配_1（S线，纬线）匹配_2（洋流②，西风漂流）,0_3 1_12 2_18,0_3 1_12 2_18,匹配,匹配,,,如果 该 图 为 世界 洋流 模式 的 南半球 部分 ， S线 代表 纬线 ， 则 洋流 ② 为 西风漂流,如果 该 图 为 世界 洋流 模式 的 南半球 部分 ， S线 代表 纬线 ， 则 洋流 ② 为 西风漂流,CS DT NN VC NN term NN DEG term NN PU NN VV term PU AD term VV VV term,( (IP (CP (ADVP (CS 如果)) (IP (NP (DP (DT 该)) (NP (NN 图))) (VP (VC 为) (NP (DNP (NP (NN 世界) (NN 洋流) (NN 模式)) (DEG 的)) (NP (NN 南半球) (NN 部分)))))) (PU ，) (IP (NP (NN S线)) (VP (VV 代表) (NP (NN 纬线)))) (PU ，) (IP (ADVP (AD 则)) (NP (NN 洋流) (NN ②)) (VP (VC 为) (NP (NN 西风漂流))))) )
5-C,如果该图为世界洋流模式的南半球部分，S线代表纬线，则	洋流③对沿岸气候有增温、增湿作用,None,,,5 8 13 16 20,,如果 该 图 为 世界 洋流 模式 的 南半球 部分 ， S线 代表 纬线 ， 则 洋流 ③ 对 沿岸 气候 有 增温 、 增湿 作用,如果 该 图 为 世界 洋流 模式 的 南半球 部分 ， S线 代表 纬线 ， 则 洋流 ③ 对 沿岸 气候 有 增温 、 增湿 作用,CS DT NN VC NN term NN DEG term NN PU NN VV term PU AD term NN P NN term VE VV PU VV NN,,匹配_0（该图，世界洋流模式的南半球部分）匹配_1（S线，纬线）影响_2（洋流③，沿岸气候，增温、增湿作用）,匹配_0（该图，世界洋流模式的南半球部分）匹配_1（S线，纬线）影响_2（洋流③，沿岸气候，增温、增湿作用）,0_3 1_12 2_25,0_3 1_12 2_25,匹配 影响,匹配 影响,,,如果 该 图 为 世界 洋流 模式 的 南半球 部分 ， S线 代表 纬线 ， 则 洋流 ③ 对 沿岸 气候 有 增温 、 增湿 作用,如果 该 图 为 世界 洋流 模式 的 南半球 部分 ， S线 代表 纬线 ， 则 洋流 ③ 对 沿岸 气候 有 增温 、 增湿 作用,CS DT NN VC NN term NN DEG term NN PU NN VV term PU AD term M P NN term VE VV PU NN NN,( (IP (CP (ADVP (CS 如果)) (IP (NP (DP (DT 该)) (NP (NN 图))) (VP (VC 为) (NP (DNP (NP (NN 世界) (NN 洋流) (NN 模式)) (DEG 的)) (NP (NN 南半球) (NN 部分)))))) (PU ，) (IP (NP (NN S线)) (VP (VV 代表) (NP (NN 纬线)))) (PU ，) (IP (ADVP (AD 则)) (NP (NN 洋流) (NN ③)) (VP (PP (P 对) (NP (NN 沿岸) (NN 气候))) (VP (VE 有) (NP (CP (IP (VP (VV 增温) (PU 、) (VV 增湿)))) (NP (NN 作用))))))) )
5-D,如果该图为世界洋流模式的南半球部分，S线代表纬线，则	洋流④为赤道逆流,None,,,5 8 13 16 19,,如果 该 图 为 世界 洋流 模式 的 南半球 部分 ， S线 代表 纬线 ， 则 洋流 ④ 为 赤道逆流,如果 该 图 为 世界 洋流 模式 的 南半球 部分 ， S线 代表 纬线 ， 则 洋流 ④ 为 赤道 逆流,CS DT NN VC NN term NN DEG term NN PU NN VV term PU AD term NN VC term,,匹配_0（该图，世界洋流模式的南半球部分）匹配_1（S线，纬线）匹配_2（洋流④，赤道逆流）,匹配_0（该图，世界洋流模式的南半球部分）匹配_1（S线，纬线）匹配_2（洋流④，赤道逆流）,0_3 1_12 2_18,0_3 1_12 2_18,匹配,匹配,,,如果 该 图 为 世界 洋流 模式 的 南半球 部分 ， S线 代表 纬线 ， 则 洋流 ④ 为 赤道逆流,如果 该 图 为 世界 洋流 模式 的 南半球 部分 ， S线 代表 纬线 ， 则 洋流 ④ 为 赤道逆流,CS DT NN VC NN term NN DEG term NN PU NN VV term PU AD term VV VV term,( (IP (CP (ADVP (CS 如果)) (IP (NP (DP (DT 该)) (NP (NN 图))) (VP (VC 为) (NP (DNP (NP (NN 世界) (NN 洋流) (NN 模式)) (DEG 的)) (NP (NN 南半球) (NN 部分)))))) (PU ，) (IP (NP (NN S线)) (VP (VV 代表) (NP (NN 纬线)))) (PU ，) (IP (ADVP (AD 则)) (NP (NN 洋流) (NN ④)) (VP (VC 为) (NP (NN 赤道逆流))))) )
6-A,该作物	种植期的早晚取决于气候条件,None,,,7,,该 作物 种植期 的 早晚 取决 于 气候 条件,该 作物 种植期 的 早晚 取决 于 气候 条件,DT NN NN DEG NN VV P term NN,,影响_0（气候条件，该作物种植期的早晚，#）,影响_0（气候条件，该作物种植期的早晚，#）,0_5-6,0_5-6,影响,影响,,,该 作物 种植期 的 早晚 取决 于 气候 条件,该 作物 种植期 的 早晚 取决 于 气候 条件,DT NN NN DEG NN VV P term NN,( (IP (NP (DNP (NP (NP (DP (DT 该)) (NP (NN 作物))) (NP (NN 种植期))) (DEG 的)) (NP (NN 早晚))) (VP (VV 取决) (PP (P 于) (NP (NN 气候) (NN 条件))))) )
6-B,该作物	灌浆期的早晚取决于成土母质,None,,,7,,该 作物 灌浆期 的 早晚 取决 于 成土母质,该 作物 灌浆期 的 早晚 取决 于 成土 母质,DT NN NN DEG NN VV P term,,影响_0（成土母质，该作物灌浆期的早晚，#）,影响_0（成土母质，该作物灌浆期的早晚，#）,0_5-6,0_5-6,影响,影响,,,该 作物 灌浆期 的 早晚 取决 于 成土 母质,该 作物 灌浆期 的 早晚 取决 于 成土 母质,DT NN NN DEG NN VV P term,( (IP (NP (DNP (NP (NP (DP (DT 该)) (NP (NN 作物))) (NP (NN 灌浆期))) (DEG 的)) (NP (NN 早晚))) (VP (VV 取决) (PP (P 于) (NP (NN 成土母质))))) )
6-C,该作物	收割期的早晚取决于农业政策,None,,,,,该 作物 收割期 的 早晚 取决 于 农业 政策,该 作物 收割期 的 早晚 取决 于 农业 政策,DT NN NN DEG NN VV P NN NN,,影响_0（农业政策，该作物收割期的早晚，#）,影响_0（农业政策，该作物收割期的早晚，#）,0_5-6,0_5-6,影响,影响,,,该 作物 收割期 的 早晚 取决 于 农业 政策,该 作物 收割期 的 早晚 取决 于 农业 政策,DT NN NN DEG NN VV P NN NN,( (IP (NP (DNP (NP (NP (DP (DT 该)) (NP (NN 作物))) (NP (NN 收割期))) (DEG 的)) (NP (NN 早晚))) (VP (VV 取决) (PP (P 于) (NP (NN 农业) (NN 政策))))) )
6-D,该作物	一个生产周期至少为8个月,None,7,,,2,该 作物 一个 生产 周期 至少 为 8个月,该 作物 一 个 生产 周期 至少 为 8 个 月,DT NN num NN NN AD VC time,,实体信息陈述_0（该作物，一个生产周期，至少为8个月）,实体信息陈述_0（该作物，一个生产周期，至少为8个月）,,,实体信息陈述,实体信息陈述,,,该 作物 一 个 生产 周期 至少 为 8 个 月,该 作物 一 个 生产 周期 至少 为 8 个 月,DT NN num NN NN AD VC time,( (IP (NP (NP (DP (DT 该)) (NP (NN 作物))) (QP (CD 一个)) (NP (NN 生产) (NN 周期))) (VP (ADVP (AD 至少)) (VP (VC 为) (NP (NT 8个月))))) )
7-A,该作物处于开花期时，正值	赤道正午太阳高度最大,None,,,7 8,,该 作物 处于 开花期 时 ， 正值 赤道 正午太阳高度 最 大,该 作物 处于 开花期 时 ， 正值 赤道 正午 太阳 高度 最 大,DT NN VV NN LC PU VV term term AD VA,,时间限定_0（该作物处于开花期）最值_1（赤道，正午太阳高度角，最大，#）,时间限定_0（该作物处于开花期）最值_1（赤道，正午太阳高度角，最大，#）,1_9-10,1_9-10,时间限定 最值,时间限定 最值,,,该 作物 处于 开花期 时 ， 正值 赤道 正午太阳高度 最 大,该 作物 处于 开花期 时 ， 正值 赤道 正午太阳高度 最 大,DT NN VV NN LC PU AD term term AD VA,( (IP (LCP (IP (NP (DP (DT 该)) (NP (NN 作物))) (VP (VV 处于) (NP (NN 开花期)))) (LC 时)) (PU ，) (NP (IP (VP (VV 正值) (NP (NN 赤道)))) (NP (NN 正午太阳高度))) (VP (ADVP (AD 最)) (VP (VA 大)))) )
7-B,该作物处于开花期时，正值	地中海沿岸炎热干燥,None,,7,,,该 作物 处于 开花期 时 ， 正值 地中海沿岸 炎热 干燥,该 作物 处于 开花期 时 ， 正值 地中海 沿岸 炎热 干燥,DT NN VV NN LC PU VV loc VA VA,,时间限定_0（该作物处于开花期）实体信息陈述_1（地中海沿岸，#，炎热干燥）,时间限定_0（该作物处于开花期）实体信息陈述_1（地中海沿岸，#，炎热干燥）,,,时间限定 实体信息陈述,时间限定 实体信息陈述,,,该 作物 处于 开花期 时 ， 正值 地中海 沿岸 炎热 干燥,该 作物 处于 开花期 时 ， 正值 地中海 沿岸 炎热 干燥,DT NN VV NN LC PU AD loc NN VA,( (IP (NP (DP (DT 该)) (NP (NN 作物))) (VP (LCP (IP (VP (VV 处于) (NP (NN 开花期)))) (LC 时)) (PU ，) (VP (VP (VV 正值) (NP (NR 地中海沿岸))) (VP (VCD (VA 炎热) (VA 干燥)))))) )
7-C,该作物处于开花期时，正值	中国东北平原昼长夜短,None,,7,,,该 作物 处于 开花期 时 ， 正值 中国东北平原 昼 长 夜 短,该 作物 处于 开花期 时 ， 正值 中国 东北 平原 昼 长 夜 短,DT NN VV NN LC PU VV loc NN VA NN VA,,时间限定_0（该作物处于开花期）实体信息陈述_1（中国东北平原，#，昼长夜短）,时间限定_0（该作物处于开花期）实体信息陈述_1（中国东北平原，#，昼长夜短）,,,时间限定 实体信息陈述,时间限定 实体信息陈述,,,该 作物 处于 开花期 时 ， 正值 中国 东 北平原 昼 长夜 短,该 作物 处于 开花期 时 ， 正值 中国 东北平原 昼 长夜 短,DT NN VV NN LC PU AD loc VV JJ NN VA,( (IP (LCP (IP (NP (DP (DT 该)) (NP (NN 作物))) (VP (VV 处于) (NP (NN 开花期)))) (LC 时)) (PU ，) (IP (VP (VV 正值) (NP (NR 中国东北平原)))) (IP (NP (NN 昼)) (VP (VA 长))) (IP (NP (NN 夜)) (VP (VA 短)))) )
7-D,该作物处于开花期时，正值	潘帕斯草原草木茂盛,None,,7,,,该 作物 处于 开花期 时 ， 正值 潘帕斯草原 草木 茂盛,该 作物 处于 开花期 时 ， 正值 潘帕斯 草原 草木 茂盛,DT NN VV NN LC PU VV loc NN VA,,时间限定_0（该作物处于开花期）实体信息陈述_1（潘帕斯草原，#，草木茂盛）,时间限定_0（该作物处于开花期）实体信息陈述_1（潘帕斯草原，#，草木茂盛）,,,时间限定 实体信息陈述,时间限定 实体信息陈述,,,该 作物 处于 开花期 时 ， 正值 潘帕斯 草原 草木 茂盛,该 作物 处于 开花期 时 ， 正值 潘帕斯 草原 草木 茂盛,DT NN VV NN LC PU AD loc NN NN,( (IP (LCP (IP (NP (DP (DT 该)) (NP (NN 作物))) (VP (VV 处于) (NP (NN 开花期)))) (LC 时)) (PU ，) (IP (VP (VV 正值) (NP (NR 潘帕斯草原)))) (NP (NN 草木)) (VP (VA 茂盛))) )
8-A,图中①②③④所示城市空间最合理的作用方式分别为	电影院、厂房、住宅、银行,None,,,,,图 中 ① ② ③ ④ 所示 城市 空间 最 合理 的 作用 方式 分别 为 电影院 、 厂房 、 住宅 、 银行,图 中 ① ② ③ ④ 所示 城市 空间 最 合理 的 作用 方式 分别 为 电影院 、 厂房 、 住宅 、 银行,NN LC NN NN NN NN VV NN NN AD VA DEC NN NN AD VC NN PU NN PU NN PU NN,,匹配_0（①最合理的作用方式，电影院）匹配_1（②最合理的作用方式，厂房）匹配_2（③最合理的作用方式，住宅）匹配_3（④最合理的作用方式，银行）,匹配_0（①最合理的作用方式，电影院）匹配_1（②最合理的作用方式，厂房）匹配_2（③最合理的作用方式，住宅）匹配_3（④最合理的作用方式，银行）,0_14-5 1_14-5 2_14-5 3_14-5,0_14-5 1_14-5 2_14-5 3_14-5,匹配,匹配,,,图 中 ① ② ③ ④ 所示 城市 空间 最 合理 的 作用 方式 分别 为 电影院 、 厂房 、 住宅 、 银行,图 中 ① ② ③ ④ 所示 城市 空间 最 合理 的 作用 方式 分别 为 电影院 、 厂房 、 住宅 、 银行,NN LC NR VV NN AD VV NN NN AD VA DEC NN NN AD VC NN PU NN PU NN PU NN,( (IP (NP (CP (IP (NP (LCP (NP (NN 图)) (LC 中)) (NP (NN ①) (NN ②)) (NP (NN ③) (NN ④))) (VP (VP (VV 所示) (NP (NN 城市) (NN 空间))) (VP (ADVP (AD 最)) (VP (VA 合理))))) (DEC 的)) (NP (NN 作用) (NN 方式))) (VP (ADVP (AD 分别)) (VP (VC 为) (NP (NN 电影院) (PU 、) (NN 厂房) (PU 、) (NN 住宅) (PU 、) (NN 银行))))) )
8-B,图中①②③④所示城市空间最合理的作用方式分别为	零售店、电影院、石房、办公室,None,,,,,图 中 ① ② ③ ④ 所示 城市 空间 最 合理 的 作用 方式 分别 为 零售店 、 电影院 、 石房 、 办公室,图 中 ① ② ③ ④ 所示 城市 空间 最 合理 的 作用 方式 分别 为 零售店 、 电影院 、 石房 、 办公室,NN LC NN NN NN NN VV NN NN AD VA DEC NN NN AD VC NN PU NN PU NN PU NN,,匹配_0（①最合理的作用方式，零售店）匹配_1（②最合理的作用方式，电影院）匹配_2（③最合理的作用方式，石房）匹配_3（④最合理的作用方式，办公室）,匹配_0（①最合理的作用方式，零售店）匹配_1（②最合理的作用方式，电影院）匹配_2（③最合理的作用方式，石房）匹配_3（④最合理的作用方式，办公室）,0_14-5 1_14-5 2_14-5 3_14-5,0_14-5 1_14-5 2_14-5 3_14-5,匹配,匹配,,,图 中 ① ② ③ ④ 所示 城市 空间 最 合理 的 作用 方式 分别 为 零售店 、 电影院 、 石房 、 办公 室,图 中 ① ② ③ ④ 所示 城市 空间 最 合理 的 作用 方式 分别 为 零售店 、 电影院 、 石房 、 办公 室,NN LC NR VV NN AD VV NN NN AD VA DEC NN NN AD VC NN PU NN PU NN PU NN,( (IP (NP (CP (IP (NP (LCP (NP (NN 图)) (LC 中)) (NP (NN ①) (NN ②)) (NP (NN ③) (NN ④))) (VP (VP (VV 所示) (NP (NN 城市) (NN 空间))) (VP (ADVP (AD 最)) (VP (VA 合理))))) (DEC 的)) (NP (NN 作用) (NN 方式))) (VP (ADVP (AD 分别)) (VP (VC 为) (NP (NN 零售店) (PU 、) (NN 电影院) (PU 、) (NN 石房) (PU 、) (NN 办公室))))) )
8-C,图中①②③④所示城市空间最合理的作用方式分别为	办公室、零售店、住宅、厂房,None,,,,,图 中 ① ② ③ ④ 所示 城市 空间 最 合理 的 作用 方式 分别 为 办公室 、 零售店 、 住宅 、 厂房,图 中 ① ② ③ ④ 所示 城市 空间 最 合理 的 作用 方式 分别 为 办公室 、 零售店 、 住宅 、 厂房,NN LC NN NN NN NN VV NN NN AD VA DEC NN NN AD VC NN PU NN PU NN PU NN,,匹配_0（①最合理的作用方式，办公室）匹配_1（②最合理的作用方式，零售店）匹配_2（③最合理的作用方式，住宅）匹配_3（④最合理的作用方式，厂房）,匹配_0（①最合理的作用方式，办公室）匹配_1（②最合理的作用方式，零售店）匹配_2（③最合理的作用方式，住宅）匹配_3（④最合理的作用方式，厂房）,0_14-5 1_14-5 2_14-5 3_14-5,0_14-5 1_14-5 2_14-5 3_14-5,匹配,匹配,,,图 中 ① ② ③ ④ 所示 城市 空间 最 合理 的 作用 方式 分别 为 办公室 、 零售店 、 住宅 、 厂房,图 中 ① ② ③ ④ 所示 城市 空间 最 合理 的 作用 方式 分别 为 办公室 、 零售店 、 住宅 、 厂房,NN LC NR VV NN AD VV NN NN AD VA DEC NN NN AD VC NN PU NN PU NN PU NN,( (IP (NP (CP (IP (NP (LCP (NP (NN 图)) (LC 中)) (NP (NN ①) (NN ②)) (NP (NN ③) (NN ④))) (VP (VP (VV 所示) (NP (NN 城市) (NN 空间))) (VP (ADVP (AD 最)) (VP (VA 合理))))) (DEC 的)) (NP (NN 作用) (NN 方式))) (VP (ADVP (AD 分别)) (VP (VC 为) (NP (NN 办公室) (PU 、) (NN 零售店) (PU 、) (NN 住宅) (PU 、) (NN 厂房))))) )
8-D,图中①②③④所示城市空间最合理的作用方式分别为	批发市场、办公室、住宅、零售店,None,,,,,图 中 ① ② ③ ④ 所示 城市 空间 最 合理 的 作用 方式 分别 为 批发 市场 、 办公室 、 住宅 、 零售店,图 中 ① ② ③ ④ 所示 城市 空间 最 合理 的 作用 方式 分别 为 批发 市场 、 办公室 、 住宅 、 零售店,NN LC NN NN NN NN VV NN NN AD VA DEC NN NN AD VC NN NN PU NN PU NN PU NN,,匹配_0（①最合理的作用方式，批发市场）匹配_1（②最合理的作用方式，办公室）匹配_2（③最合理的作用方式，住宅）匹配_3（④最合理的作用方式，零售店）,匹配_0（①最合理的作用方式，批发市场）匹配_1（②最合理的作用方式，办公室）匹配_2（③最合理的作用方式，住宅）匹配_3（④最合理的作用方式，零售店）,0_14-5 1_14-5 2_14-5 3_14-5,0_14-5 1_14-5 2_14-5 3_14-5,匹配,匹配,,,图 中 ① ② ③ ④ 所示 城市 空间 最 合理 的 作用 方式 分别 为 批发 市场 、 办公室 、 住宅 、 零售 店,图 中 ① ② ③ ④ 所示 城市 空间 最 合理 的 作用 方式 分别 为 批发 市场 、 办公室 、 住宅 、 零售 店,NN LC NR VV NN AD VV NN NN AD VA DEC NN NN AD VC VV NN PU NN PU NN PU NN,( (IP (NP (CP (IP (NP (LCP (NP (NN 图)) (LC 中)) (NP (NN ①) (NN ②)) (NP (NN ③) (NN ④))) (VP (VP (VV 所示) (NP (NN 城市) (NN 空间))) (VP (ADVP (AD 最)) (VP (VA 合理))))) (DEC 的)) (NP (NN 作用) (NN 方式))) (VP (ADVP (AD 分别)) (VP (VC 为) (NP (NP (NN 批发) (NN 市场)) (PU 、) (NP (NN 办公室)) (PU 、) (NP (NN 住宅)) (PU 、) (NP (NN 零售店)))))) )
9-A,与图示地区山体岩石、地貌类型及其形成的外力作用对应的是	石灰岩、球状风化地貌、风力作用,None,,,6 12 16 18 20,,与 图示 地区 山体 岩石 、 地貌 类型 及 其 形成 的 外力作用 对应 的 是 石灰岩 、 球状风化地貌 、 风力作用,与 图示 地区 山体 岩石 、 地貌 类型 及 其 形成 的 外力 作用 对应 的 是 石灰岩 、 球状 风化 地貌 、 风力 作用,P VV NN NN NN PU term NN CC PN VV DEC term VV DEC VC term PU term PU term,,匹配_0（图示地区山体岩石，石灰岩）匹配_1（图示地区地貌类型，球状风化地貌）匹配_2（图示地区山体岩石、地貌类型形成的外力作用，风力作用）,匹配_0（图示地区山体岩石，石灰岩）匹配_1（图示地区地貌类型，球状风化地貌）匹配_2（图示地区山体岩石、地貌类型形成的外力作用，风力作用）,0_13 1_13 2_13,0_13 1_13 2_13,匹配,匹配,,,与 图示 地区 山体 岩石 、 地貌 类型 及 其 形成 的 外力作用 对应 的 是 石灰岩 、 球状风化 地貌 、 风力 作用,与 图示 地区 山体 岩石 、 地貌 类型 及 其 形成 的 外力作用 对应 的 是 石灰岩 、 球状风化 地貌 、 风力 作用,P NN NN NN NN PU term NN CC PN VV DEC term VV DEC VC term PU term PU term,( (IP (NP (CP (IP (VP (PP (P 与) (NP (NP (IP (VP (VV 图示) (NP (NN 地区) (NN 山体)))) (NP (NN 岩石) (PU 、) (NN 地貌)) (NP (NN 类型))) (CC 及) (NP (CP (IP (NP (PN 其)) (VP (VV 形成))) (DEC 的)) (NP (NN 外力作用))))) (VP (VV 对应)))) (DEC 的))) (VP (VC 是) (NP (NN 石灰岩) (PU 、) (NN 球状风化地貌) (PU 、) (NN 风力作用)))) )
9-B,与图示地区山体岩石、地貌类型及其形成的外力作用对应的是	花岗岩、流水堆积地貌、流水作用,None,,,6 12 16 18 20,,与 图示 地区 山体 岩石 、 地貌 类型 及 其 形成 的 外力作用 对应 的 是 花岗岩 、 流水堆积地貌 、 流水作用,与 图示 地区 山体 岩石 、 地貌 类型 及 其 形成 的 外力 作用 对应 的 是 花岗岩 、 流水 堆积 地貌 、 流水 作用,P VV NN NN NN PU term NN CC PN VV DEC term VV DEC VC term PU term PU term,,匹配_0（图示地区山体岩石，花岗岩）匹配_1（图示地区地貌类型，流水堆积地貌）匹配_2（图示地区山体岩石、地貌类型形成的外力作用，流水作用）,匹配_0（图示地区山体岩石，花岗岩）匹配_1（图示地区地貌类型，流水堆积地貌）匹配_2（图示地区山体岩石、地貌类型形成的外力作用，流水作用）,0_13 1_13 2_13,0_13 1_13 2_13,匹配,匹配,,,与 图示 地区 山体 岩石 、 地貌 类型 及 其 形成 的 外力作用 对应 的 是 花岗岩 、 流水堆积 地貌 、 流水 作用,与 图示 地区 山体 岩石 、 地貌 类型 及 其 形成 的 外力作用 对应 的 是 花岗岩 、 流水堆积 地貌 、 流水 作用,P NN NN NN NN PU term NN CC PN VV DEC term VV DEC VC term PU term PU term,( (IP (NP (CP (IP (VP (PP (P 与) (NP (NP (IP (VP (VV 图示) (NP (NN 地区) (NN 山体)))) (NP (NN 岩石) (PU 、) (NN 地貌)) (NP (NN 类型))) (CC 及) (NP (CP (IP (NP (PN 其)) (VP (VV 形成))) (DEC 的)) (NP (NN 外力作用))))) (VP (VV 对应)))) (DEC 的))) (VP (VC 是) (NP (NN 花岗岩) (PU 、) (NN 流水堆积地貌) (PU 、) (NN 流水作用)))) )
9-C,与图示地区山体岩石、地貌类型及其形成的外力作用对应的是	大理岩、喀斯特地貌、风力作用,None,,,6 12 16 18 20,,与 图示 地区 山体 岩石 、 地貌 类型 及 其 形成 的 外力作用 对应 的 是 大理岩 、 喀斯特地貌 、 风力作用,与 图示 地区 山体 岩石 、 地貌 类型 及 其 形成 的 外力 作用 对应 的 是 大理岩 、 喀斯特 地貌 、 风力 作用,P VV NN NN NN PU term NN CC PN VV DEC term VV DEC VC term PU term PU term,,匹配_0（图示地区山体岩石，大理岩）匹配_1（图示地区地貌类型，喀斯特地貌）匹配_2（图示地区山体岩石、地貌类型形成的外力作用，风力作用）,匹配_0（图示地区山体岩石，大理岩）匹配_1（图示地区地貌类型，喀斯特地貌）匹配_2（图示地区山体岩石、地貌类型形成的外力作用，风力作用）,0_13 1_13 2_13,0_13 1_13 2_13,匹配,匹配,,,与 图示 地区 山体 岩石 、 地貌 类型 及 其 形成 的 外力作用 对应 的 是 大理岩 、 喀斯特地貌 、 风力 作用,与 图示 地区 山体 岩石 、 地貌 类型 及 其 形成 的 外力作用 对应 的 是 大理岩 、 喀斯特地貌 、 风力 作用,P NN NN NN NN PU term NN CC PN VV DEC term VV DEC VC term PU term PU term,( (IP (NP (CP (IP (VP (PP (P 与) (NP (NP (IP (VP (VV 图示) (NP (NN 地区) (NN 山体)))) (NP (NN 岩石) (PU 、) (NN 地貌)) (NP (NN 类型))) (CC 及) (NP (CP (IP (NP (PN 其)) (VP (VV 形成))) (DEC 的)) (NP (NN 外力作用))))) (VP (VV 对应)))) (DEC 的))) (VP (VC 是) (NP (NN 大理岩) (PU 、) (NN 喀斯特地貌) (PU 、) (NN 风力作用)))) )
9-D,与图示地区山体岩石、地貌类型及其形成的外力作用对应的是	石灰岩、喀斯特地貌、流水作用,None,,,6 12 16 18 20,,与 图示 地区 山体 岩石 、 地貌 类型 及 其 形成 的 外力作用 对应 的 是 石灰岩 、 喀斯特地貌 、 流水作用,与 图示 地区 山体 岩石 、 地貌 类型 及 其 形成 的 外力 作用 对应 的 是 石灰岩 、 喀斯特 地貌 、 流水 作用,P VV NN NN NN PU term NN CC PN VV DEC term VV DEC VC term PU term PU term,,匹配_0（图示地区山体岩石，石灰岩）匹配_1（图示地区地貌类型，喀斯特地貌）匹配_2（图示地区山体岩石、地貌类型形成的外力作用，流水作用）,匹配_0（图示地区山体岩石，石灰岩）匹配_1（图示地区地貌类型，喀斯特地貌）匹配_2（图示地区山体岩石、地貌类型形成的外力作用，流水作用）,0_13 1_13 2_13,0_13 1_13 2_13,匹配,匹配,,,与 图示 地区 山体 岩石 、 地貌 类型 及 其 形成 的 外力作用 对应 的 是 石灰岩 、 喀斯特地貌 、 流水 作用,与 图示 地区 山体 岩石 、 地貌 类型 及 其 形成 的 外力作用 对应 的 是 石灰岩 、 喀斯特地貌 、 流水 作用,P NN NN NN NN PU term NN CC PN VV DEC term VV DEC VC term PU term PU term,( (IP (NP (CP (IP (VP (PP (P 与) (NP (NP (IP (VP (VV 图示) (NP (NN 地区) (NN 山体)))) (NP (NN 岩石) (PU 、) (NN 地貌)) (NP (NN 类型))) (CC 及) (NP (CP (IP (NP (PN 其)) (VP (VV 形成))) (DEC 的)) (NP (NN 外力作用))))) (VP (VV 对应)))) (DEC 的))) (VP (VC 是) (NP (NN 石灰岩) (PU 、) (NN 喀斯特地貌) (PU 、) (NN 流水作用)))) )
10-A,该地区成为著名旅游地的优势在于	地处热带，风景优美，环境承载量大,y,,,14,,该 地区 成为 著名 旅游地 的 优势 在于 地处 热带 ， 风景 优美 ， 环境承载量 大,该 地区 成为 著名 旅游地 的 优势 在于 地处 热带 ， 风景 优美 ， 环境 承载量 大,DT NN VV JJ NN DEG NN VV VV NN PU NN VA PU term JJ,,实体信息陈述_0（该地区成为著名旅游地，优势，地处热带）实体信息陈述_1（该地区成为著名旅游地，优势，风景优美）实体信息陈述_2（该地区成为著名旅游地，优势，环境承载量大）,实体信息陈述_0（该地区成为著名旅游地，优势，位于_1（该地区，热带））实体信息陈述_2（该地区成为著名旅游地，优势，风景优美）实体信息陈述_3（该地区成为著名旅游地，优势，环境承载量大）,,2_8,实体信息陈述 实体信息陈述 实体信息陈述,实体信息陈述 位于 实体信息陈述 实体信息陈述,,,该 地区 成为 著名 旅游 地 的 优势 在于 地处 热带 ， 风景 优美 ， 环境 承载量 大,该 地区 成为 著名 旅游 地 的 优势 在于 地处 热带 ， 风景 优美 ， 环境 承载量 大,DT NN VV JJ NN NN DEG NN VV VV NN PU NN VA PU term JJ,( (IP (NP (DP (DT 该)) (NP (NN 地区))) (VP (VP (VV 成为) (NP (DNP (NP (ADJP (JJ 著名)) (NP (NN 旅游地))) (DEG 的)) (NP (NN 优势)))) (VP (VV 在于) (IP (IP (VP (VV 地处) (NP (NN 热带)))) (PU ，) (IP (NP (NN 风景)) (VP (VA 优美))) (PU ，) (IP (NP (NN 环境承载量)) (VP (ADJP (JJ 大)))))))) )
10-A-0,该地区成为著名旅游地的优势在于	地处热带,ed-ori,,,9,,该 地区 成为 著名 旅游地 的 优势 在于 地处 热带,该 地区 成为 著名 旅游地 的 优势 在于 地处 热带,DT NN VV JJ NN DEG NN VV VV term,,实体信息陈述_0（该地区成为著名旅游地，优势，地处热带）,实体信息陈述_0（该地区成为著名旅游地，优势，位于_1（该地区，热带））,,1_8,实体信息陈述,实体信息陈述 位于,,,该 地区 成为 著名 旅游 地 的 优势 在于 地处 热带,该 地区 成为 著名 旅游 地 的 优势 在于 地处 热带,DT NN VV JJ NN NN DEG NN VV VV term,( (IP (NP (DP (DT 该)) (NP (NN 地区))) (VP (VP (VV 成为) (NP (DNP (NP (ADJP (JJ 著名)) (NP (NN 旅游地))) (DEG 的)) (NP (NN 优势)))) (VP (VV 在于) (VP (VV 地处) (NP (NN 热带)))))) )
10-A-1,该地区成为著名旅游地的优势在于	风景优美,ed-ori,,,,,该 地区 成为 著名 旅游地 的 优势 在于 风景 优美,该 地区 成为 著名 旅游地 的 优势 在于 风景 优美,DT NN VV JJ NN DEG NN VV NN VA,,实体信息陈述_0（该地区成为著名旅游地，优势，风景优美）,实体信息陈述_0（该地区成为著名旅游地，优势，风景优美）,,,实体信息陈述,实体信息陈述,,,该 地区 成为 著名 旅游 地 的 优势 在于 风景 优美,该 地区 成为 著名 旅游 地 的 优势 在于 风景 优美,DT NN VV JJ NN NN DEG NN VV NN VA,( (IP (NP (DP (DT 该)) (NP (NN 地区))) (VP (VP (VV 成为) (NP (DNP (NP (ADJP (JJ 著名)) (NP (NN 旅游地))) (DEG 的)) (NP (NN 优势)))) (VP (VV 在于) (IP (NP (NN 风景)) (VP (VA 优美)))))) )
10-A-2,该地区成为著名旅游地的优势在于	环境承载量大,ed-ori,,,8,,该 地区 成为 著名 旅游地 的 优势 在于 环境承载量 大,该 地区 成为 著名 旅游地 的 优势 在于 环境 承载量 大,DT NN VV JJ NN DEG NN VV term JJ,,实体信息陈述_0（该地区成为著名旅游地，优势，环境承载量大）,实体信息陈述_0（该地区成为著名旅游地，优势，环境承载量大）,,,实体信息陈述,实体信息陈述,,,该 地区 成为 著名 旅游 地 的 优势 在于 环境 承载量 大,该 地区 成为 著名 旅游 地 的 优势 在于 环境 承载量 大,DT NN VV JJ NN NN DEG NN VV term JJ,( (IP (NP (DP (DT 该)) (NP (NN 地区))) (VP (VP (VV 成为) (NP (DNP (NP (ADJP (JJ 著名)) (NP (NN 旅游地))) (DEG 的)) (NP (NN 优势)))) (VP (VV 在于) (IP (NP (NN 环境承载量)) (VP (ADJP (JJ 大))))))) )
10-B,该地区成为著名旅游地的优势在于	景观具有春翡夏翠秋金冬银的季节特点,None,,,,,该 地区 成为 著名 旅游地 的 优势 在于 景观 具有 春 翡 夏 翠 秋 金 冬 银 的 季节 特点,该 地区 成为 著名 旅游地 的 优势 在于 景观 具有 春 翡 夏 翠 秋 金 冬 银 的 季节 特点,DT NN VV JJ NN DEG NN VV NN VV NN VA NN VA NN VA NN VA DEG NN NN,,实体信息陈述_0（该地区成为著名旅游地，优势，景观具有春翡夏翠秋金冬银的季节特点）,实体信息陈述_0（该地区成为著名旅游地，优势，景观具有春翡夏翠秋金冬银的季节特点）,,,实体信息陈述,实体信息陈述,,,该 地区 成为 著名 旅游 地 的 优势 在于 景观 具有 春翡 夏翠 秋金 冬银 的 季节 特点,该 地区 成为 著名 旅游 地 的 优势 在于 景观 具有 春翡 夏翠 秋金 冬银 的 季节 特点,DT NN VV JJ NN NN DEG NN VV NN VV NN NN NN NN DEG NN NN,( (IP (NP (DP (DT 该)) (NP (NN 地区))) (VP (VP (VV 成为) (NP (DNP (NP (ADJP (JJ 著名)) (NP (NN 旅游地))) (DEG 的)) (NP (NN 优势)))) (VP (VV 在于) (IP (NP (NN 景观)) (VP (VV 具有) (NP (IP (IP (NP (NN 春)) (VP (VA 翡))) (IP (NP (NN 夏)) (VP (VA 翠)))) (NP (DNP (IP (IP (NP (NN 秋)) (VP (VA 金))) (IP (NP (NN 冬)) (VP (VA 银)))) (DEG 的)) (NP (NN 季节) (NN 特点))))))))) )
10-C,该地区成为著名旅游地的优势在于	地质地貌景观独特，具有较高的游览价值,y,,,,,该 地区 成为 著名 旅游地 的 优势 在于 地质 地貌 景观 独特 ， 具有 较 高 的 游览 价值,该 地区 成为 著名 旅游地 的 优势 在于 地质 地貌 景观 独特 ， 具有 较 高 的 游览 价值,DT NN VV JJ NN DEG NN VV NN NN NN VA PU VV AD VA DEC NN NN,,实体信息陈述_0（该地区成为著名旅游地，优势，地质地貌景观独特）实体信息陈述_1（该地区成为著名旅游地，优势，具有较高的游览价值）,实体信息陈述_0（该地区成为著名旅游地，优势，地质地貌景观独特）实体信息陈述_1（该地区成为著名旅游地，优势，具有较高的游览价值）,,,实体信息陈述 实体信息陈述,实体信息陈述 实体信息陈述,,,该 地区 成为 著名 旅游 地 的 优势 在于 地质 地貌 景观 独特 ， 具有 较 高 的 游览 价值,该 地区 成为 著名 旅游 地 的 优势 在于 地质 地貌 景观 独特 ， 具有 较 高 的 游览 价值,DT NN VV JJ NN NN DEG NN VV NN NN NN VA PU VV AD VA DEC NN NN,( (IP (NP (DP (DT 该)) (NP (NN 地区))) (VP (VP (VV 成为) (NP (DNP (NP (ADJP (JJ 著名)) (NP (NN 旅游地))) (DEG 的)) (NP (NN 优势)))) (VP (VV 在于) (IP (IP (NP (NN 地质) (NN 地貌) (NN 景观)) (VP (VA 独特))) (PU ，) (VP (VV 具有) (NP (CP (IP (VP (ADVP (AD 较)) (VP (VA 高)))) (DEC 的)) (NP (NN 游览) (NN 价值)))))))) )
10-C-0,该地区成为著名旅游地的优势在于	地质地貌景观独特,ed-ori,,,8 9,,该 地区 成为 著名 旅游地 的 优势 在于 地质 地貌 景观 独特,该 地区 成为 著名 旅游地 的 优势 在于 地质 地貌 景观 独特,DT NN VV JJ NN DEG NN VV term term NN VA,,实体信息陈述_0（该地区成为著名旅游地，优势，地质地貌景观独特）,实体信息陈述_0（该地区成为著名旅游地，优势，地质地貌景观独特）,,,实体信息陈述,实体信息陈述,,,该 地区 成为 著名 旅游 地 的 优势 在于 地质 地貌 景观 独特,该 地区 成为 著名 旅游 地 的 优势 在于 地质 地貌 景观 独特,DT NN VV JJ NN NN DEG NN VV term term NN VA,( (IP (NP (DP (DT 该)) (NP (NN 地区))) (VP (VP (VV 成为) (NP (DNP (NP (ADJP (JJ 著名)) (NP (NN 旅游地))) (DEG 的)) (NP (NN 优势)))) (VP (VV 在于) (IP (NP (NN 地质)) (NP (NN 地貌) (NN 景观)) (VP (VA 独特)))))) )
10-C-1,该地区成为著名旅游地的优势在于	具有较高的游览价值,ed-ori,,,,,该 地区 成为 著名 旅游地 的 优势 在于 具有 较 高 的 游览 价值,该 地区 成为 著名 旅游地 的 优势 在于 具有 较 高 的 游览 价值,DT NN VV JJ NN DEG NN VV VV AD VA DEC NN NN,,实体信息陈述_0（该地区成为著名旅游地，优势，具有较高的游览价值）,实体信息陈述_0（该地区成为著名旅游地，优势，具有较高的游览价值）,,,实体信息陈述,实体信息陈述,,,该 地区 成为 著名 旅游 地 的 优势 在于 具有 较 高 的 游览 价值,该 地区 成为 著名 旅游 地 的 优势 在于 具有 较 高 的 游览 价值,DT NN VV JJ NN NN DEG NN VV VV AD VA DEC NN NN,( (IP (NP (DP (DT 该)) (NP (NN 地区))) (VP (VP (VV 成为) (NP (DNP (NP (ADJP (JJ 著名)) (NP (NN 旅游地))) (DEG 的)) (NP (NN 优势)))) (VP (VV 在于) (IP (VP (VV 具有) (NP (CP (IP (VP (ADVP (AD 较)) (VP (VA 高)))) (DEC 的)) (NP (NN 游览) (NN 价值)))))))) )
10-D,该地区成为著名旅游地的优势在于	水陆交通通达性好，旅游地吸引半径大,y,,,,,该 地区 成为 著名 旅游地 的 优势 在于 水陆 交通 通达性 好 ， 旅游地 吸引半径 大,该 地区 成为 著名 旅游地 的 优势 在于 水陆 交通 通达性 好 ， 旅游地 吸引半径 大,DT NN VV JJ NN DEG NN VV NN NN NN VA PU NN NN JJ,,实体信息陈述_0（该地区成为著名旅游地，优势，水陆交通通达性好）实体信息陈述_1（该地区成为著名旅游地，优势，旅游地吸引半径大）,实体信息陈述_0（该地区成为著名旅游地，优势，水陆交通通达性好）实体信息陈述_1（该地区成为著名旅游地，优势，旅游地吸引半径大）,,,实体信息陈述 实体信息陈述,实体信息陈述 实体信息陈述,,,该 地区 成为 著名 旅游 地 的 优势 在于 水陆 交通 通达性 好 ， 旅游 地 吸引 半径 大,该 地区 成为 著名 旅游 地 的 优势 在于 水陆 交通 通达性 好 ， 旅游 地 吸引 半径 大,DT NN VV JJ NN NN DEG NN VV NN NN NN VA PU NN VV NN JJ,( (IP (NP (DP (DT 该)) (NP (NN 地区))) (VP (VP (VV 成为) (NP (DNP (NP (ADJP (JJ 著名)) (NP (NN 旅游地))) (DEG 的)) (NP (NN 优势)))) (VP (VV 在于) (IP (IP (NP (NN 水陆) (NN 交通) (NN 通达性)) (VP (VA 好))) (PU ，) (IP (NP (NN 旅游地) (NN 吸引半径)) (VP (ADJP (JJ 大)))))))) )
10-D-0,该地区成为著名旅游地的优势在于	水陆交通通达性好,ed-ori,,,,,该 地区 成为 著名 旅游地 的 优势 在于 水陆 交通 通达性 好,该 地区 成为 著名 旅游地 的 优势 在于 水陆 交通 通达性 好,DT NN VV JJ NN DEG NN VV NN NN NN VA,,实体信息陈述_0（该地区成为著名旅游地，优势，水陆交通通达性好）,实体信息陈述_0（该地区成为著名旅游地，优势，水陆交通通达性好）,,,实体信息陈述,实体信息陈述,,,该 地区 成为 著名 旅游 地 的 优势 在于 水陆 交通 通达性 好,该 地区 成为 著名 旅游 地 的 优势 在于 水陆 交通 通达性 好,DT NN VV JJ NN NN DEG NN VV NN NN NN VA,( (IP (NP (DP (DT 该)) (NP (NN 地区))) (VP (VP (VV 成为) (NP (DNP (NP (ADJP (JJ 著名)) (NP (NN 旅游地))) (DEG 的)) (NP (NN 优势)))) (VP (VV 在于) (IP (NP (NN 水陆) (NN 交通) (NN 通达性)) (VP (VA 好)))))) )
10-D-1,该地区成为著名旅游地的优势在于	旅游地吸引半径大,ed-ori,,,,,该 地区 成为 著名 旅游地 的 优势 在于 旅游地 吸引半径 大,该 地区 成为 著名 旅游地 的 优势 在于 旅游地 吸引半径 大,DT NN VV JJ NN DEG NN VV NN NN VA,,实体信息陈述_0（该地区成为著名旅游地，优势，旅游地吸引半径大）,实体信息陈述_0（该地区成为著名旅游地，优势，旅游地吸引半径大）,,,实体信息陈述,实体信息陈述,,,该 地区 成为 著名 旅游 地 的 优势 在于 旅游 地 吸引 半径 大,该 地区 成为 著名 旅游 地 的 优势 在于 旅游 地 吸引 半径 大,DT NN VV JJ NN NN DEG NN VV NN VV NN JJ,( (IP (NP (DP (DT 该)) (NP (NN 地区))) (VP (VP (VV 成为) (NP (DNP (NP (ADJP (JJ 著名)) (NP (NN 旅游地))) (DEG 的)) (NP (NN 优势)))) (VP (VV 在于) (IP (NP (NN 旅游地) (NN 吸引半径)) (VP (VA 大)))))) )
11-A,与图示地区农业地域类型相同的地区是	西欧平原,None,,8,3,,与 图示 地区 农业地域类型 相同 的 地区 是 西欧平原,与 图示 地区 农业 地域 类型 相同 的 地区 是 西欧 平原,P VV NN term VA DEC NN VC loc,,比较_0（图是地区，西欧平原，农业地域类型，相同）,比较_0（图是地区，西欧平原，农业地域类型，相同）,0_0-4,0_0-4,比较,比较,,,与 图示 地区 农业地域类型 相同 的 地区 是 西欧 平原,与 图示 地区 农业地域类型 相同 的 地区 是 西欧平原,P NN NN term VA DEC NN VC loc,( (IP (NP (CP (IP (VP (PP (P 与) (IP (VP (VV 图示) (NP (NN 地区) (NN 农业地域类型))))) (VP (VA 相同)))) (DEC 的)) (NP (NN 地区))) (VP (VC 是) (NP (NR 西欧平原)))) )
11-B,与图示地区农业地域类型相同的地区是	湄公河三角洲,None,,8,3,,与 图示 地区 农业地域类型 相同 的 地区 是 湄公河三角洲,与 图示 地区 农业 地域 类型 相同 的 地区 是 湄公河 三角洲,P VV NN term VA DEC NN VC loc,,比较_0（图是地区，湄公河三角洲，农业地域类型，相同）,比较_0（图是地区，湄公河三角洲，农业地域类型，相同）,0_0-4,0_0-4,比较,比较,,,与 图示 地区 农业地域类型 相同 的 地区 是 湄公河 三角 洲,与 图示 地区 农业地域类型 相同 的 地区 是 湄公河 三角 洲,P NN NN term VA DEC NN VC loc,( (IP (NP (CP (IP (VP (PP (P 与) (IP (VP (VV 图示) (NP (NN 地区) (NN 农业地域类型))))) (VP (VA 相同)))) (DEC 的)) (NP (NN 地区))) (VP (VC 是) (NP (NR 湄公河三角洲)))) )
11-C,与图示地区农业地域类型相同的地区是	五大湖沿岸,None,,8,3,,与 图示 地区 农业地域类型 相同 的 地区 是 五大湖沿岸,与 图示 地区 农业 地域 类型 相同 的 地区 是 五大湖 沿岸,P VV NN term VA DEC NN VC loc,,比较_0（图是地区，五大湖沿岸，农业地域类型，相同）,比较_0（图是地区，五大湖沿岸，农业地域类型，相同）,0_0-4,0_0-4,比较,比较,,,与 图示 地区 农业地域类型 相同 的 地区 是 五 大湖 沿岸,与 图示 地区 农业地域类型 相同 的 地区 是 五大湖 沿岸,P NN NN term VA DEC NN VC loc,( (IP (NP (CP (IP (VP (PP (P 与) (IP (VP (VV 图示) (NP (NN 地区) (NN 农业地域类型))))) (VP (VA 相同)))) (DEC 的)) (NP (NN 地区))) (VP (VC 是) (NP (NR 五大湖沿岸)))) )
11-D,与图示地区农业地域类型相同的地区是	墨累-达令盆地,None,,8,3,,与 图示 地区 农业地域类型 相同 的 地区 是 墨累-达令盆地,与 图示 地区 农业 地域 类型 相同 的 地区 是 墨累 - 达令 盆地,P VV NN term VA DEC NN VC loc,,比较_0（图是地区，墨累-达令盆地，农业地域类型，相同）,比较_0（图是地区，墨累-达令盆地，农业地域类型，相同）,0_0-4,0_0-4,比较,比较,,,与 图示 地区 农业地域类型 相同 的 地区 是 墨累-达令盆地,与 图示 地区 农业地域类型 相同 的 地区 是 墨累-达令盆地,P NN NN term VA DEC NN VC loc,( (IP (NP (CP (IP (VP (PP (P 与) (IP (VP (VV 图示) (NP (NN 地区) (NN 农业地域类型))))) (VP (VA 相同)))) (DEC 的)) (NP (NN 地区))) (VP (VC 是) (NP (NR 墨累-达令盆地)))) )
