编号,文本,拆分信息,时间,地点,术语,数量词,（粗粒度）分词,（细粒度）分词,词性,成分分析,简化模板,完整模板,简化模板线索词,完整模板线索词,简化模板类型,完整模板类型,（auto）时间,（auto）地点,（auto粗粒度）分词,（auto细粒度）分词,（auto）词性,（auto）成分分析
1-A,Ⅰ区太阳年辐射总量比Ⅳ区高，主要因为Ⅰ区	夏季大气逆辐射强,None,9,0 3 8,1 10,,Ⅰ区 太阳年辐射总量 比 Ⅳ区 高 ， 主要 因为 Ⅰ区 夏季 大气逆辐射 强,Ⅰ区 太阳 年 辐射 总量 比 Ⅳ区 高 ， 主要 因为 Ⅰ区 夏季 大气 逆 辐射 强,loc term P loc VA PU AD P loc time term VA,,因果_0（Ⅰ区夏季大气逆辐射强，Ⅰ区太阳年辐射总量比Ⅳ区高）,因果_0（Ⅰ区夏季大气逆辐射强，比较_1（Ⅰ区，Ⅳ区，太阳年辐射总量，高））,0_6,0_6 1_2-4,因果,因果 比较,0 1 3 8 9,,Ⅰ区 太阳年辐射总量 比 Ⅳ区 高 ， 主要 因为 Ⅰ区 夏季 大气逆辐射 强,Ⅰ区 太阳年辐射总量 比 Ⅳ区 高 ， 主要 因为 Ⅰ区 夏季 大气逆辐射 强,loc term P loc VA PU AD P loc time term VA,( (IP (IP (NP (NR Ⅰ区) (NN 太阳年辐射总量)) (VP (PP (P 比) (NP (NR Ⅳ区))) (VP (VA 高)))) (PU ，) (VP (ADVP (AD 主要)) (VP (PP (P 因为) (IP (NP (NP (NR Ⅰ区)) (NP (NT 夏季) (NN 大气逆辐射))) (VP (VA 强))))))) )
1-B,Ⅰ区太阳年辐射总量比Ⅳ区高，主要因为Ⅰ区	年平均气温比较高,None,,0 3 8,1,,Ⅰ区 太阳年辐射总量 比 Ⅳ区 高 ， 主要 因为 Ⅰ区 年 平均 气温 比较 高,Ⅰ区 太阳 年 辐射 总量 比 Ⅳ区 高 ， 主要 因为 Ⅰ区 年 平均 气温 比较 高,loc term P loc VA PU AD P loc NN JJ NN AD VA,,因果_0（Ⅰ区年平均气温比较高，Ⅰ区太阳年辐射总量比Ⅳ区高）,因果_0（Ⅰ区年平均气温比较高，比较_1（Ⅰ区，Ⅳ区，太阳年辐射总量，高））,0_6,0_6 1_2-4,因果,因果 比较,0 1 3 8,,Ⅰ区 太阳年辐射总量 比 Ⅳ区 高 ， 主要 因为 Ⅰ区年 平均 气温 比较 高,Ⅰ区 太阳年辐射总量 比 Ⅳ区 高 ， 主要 因为 Ⅰ区年 平均 气温 比较 高,loc term P loc VA PU AD P loc M JJ NN AD VA,( (IP (NP (NR Ⅰ区) (NN 太阳年辐射总量)) (VP (VP (PP (P 比) (NP (NR Ⅳ区))) (VP (VA 高))) (PU ，) (VP (ADVP (AD 主要)) (VP (PP (P 因为) (IP (NP (NP (NR Ⅰ区) (NN 年)) (ADJP (JJ 平均)) (NP (NN 气温))) (VP (ADVP (AD 比较)) (VP (VA 高))))))))) )
1-C,Ⅰ区太阳年辐射总量比Ⅳ区高，主要因为Ⅰ区	正午太阳高度角大,None,,0 3 8,1 9,,Ⅰ区 太阳年辐射总量 比 Ⅳ区 高 ， 主要 因为 Ⅰ区 正午太阳高度角 大,Ⅰ区 太阳 年 辐射 总量 比 Ⅳ区 高 ， 主要 因为 Ⅰ区 正午 太阳 高度角 大,loc term P loc VA PU AD P loc term VA,,因果_0（Ⅰ区正午太阳高度角大，Ⅰ区太阳年辐射总量比Ⅳ区高）,因果_0（Ⅰ区正午太阳高度角大，比较_1（Ⅰ区，Ⅳ区，太阳年辐射总量，高））,0_6,0_6 1_2-4,因果,因果 比较,0 1 3 8,,Ⅰ区 太阳年辐射总量 比 Ⅳ区 高 ， 主要 因为 Ⅰ区 正午太阳高度角 大,Ⅰ区 太阳年辐射总量 比 Ⅳ区 高 ， 主要 因为 Ⅰ区 正午太阳高度角 大,loc term P loc VA PU AD P loc term JJ,( (IP (IP (NP (NR Ⅰ区) (NN 太阳年辐射总量)) (VP (PP (P 比) (NP (NR Ⅳ区))) (VP (VA 高)))) (PU ，) (VP (ADVP (AD 主要)) (VP (PP (P 因为) (IP (NP (NR Ⅰ区) (NN 正午太阳高度角)) (VP (VA 大))))))) )
1-D,Ⅰ区太阳年辐射总量比Ⅳ区高，主要因为Ⅰ区	天气晴朗且海拔高,None,,0 3 8,1,,Ⅰ区 太阳年辐射总量 比 Ⅳ区 高 ， 主要 因为 Ⅰ区 天气 晴朗 且 海拔 高,Ⅰ区 太阳 年 辐射 总量 比 Ⅳ区 高 ， 主要 因为 Ⅰ区 天气 晴朗 且 海拔 高,loc term P loc VA PU AD P loc NN VA CC NN VA,,因果_0（Ⅰ区天气晴朗且海拔高，Ⅰ区太阳年辐射总量比Ⅳ区高）,因果_0（Ⅰ区天气晴朗且海拔高，比较_1（Ⅰ区，Ⅳ区，太阳年辐射总量，高））,0_6,0_6 1_2-4,因果,因果 比较,0 1 3 8,,Ⅰ区 太阳年辐射总量 比 Ⅳ区 高 ， 主要 因为 Ⅰ区 天气 晴朗 且 海拔 高,Ⅰ区 太阳年辐射总量 比 Ⅳ区 高 ， 主要 因为 Ⅰ区 天气 晴朗 且 海拔 高,loc term P loc VA PU AD P loc NN VA CC NN VA,( (IP (IP (NP (NR Ⅰ区) (NN 太阳年辐射总量)) (VP (PP (P 比) (NP (NR Ⅳ区))) (VP (VA 高)))) (PU ，) (IP (PP (ADVP (AD 主要)) (PP (P 因为) (NP (NR Ⅰ区)))) (IP (NP (NN 天气)) (VP (VA 晴朗))) (CC 且) (IP (NP (NN 海拔)) (VP (VA 高))))) )
2-A,随年份的推移，臭氧总量	最大值所在位置南移,None,,,,,随 年份 的 推移 ， 臭氧 总量 最大值 所在 位置 南移,随 年份 的 推移 ， 臭氧 总量 最大值 所在 位置 南移,P NN DEG VV PU NN NN NN VV NN VV,,趋势_0（臭氧总量最大值所在位置，，随年份的推移，南移）,趋势_0（臭氧总量最大值所在位置，，随年份的推移，南移）,0_0-2-3,0_0-2-3,趋势,趋势,,,随 年份 的 推移 ， 臭氧 总量 最 大值 所在 位置 南移,随 年份 的 推移 ， 臭氧 总量 最 大值 所在 位置 南移,P NN DEG VV PU NN NN AD NN VV NN NN,( (IP (IP (NP (PP (P 随) (NP (NN 年份))) (DEG 的)) (VP (VV 推移))) (PU ，) (IP (NP (CP (IP (NP (NN 臭氧) (NN 总量) (NN 最大值)) (VP (VV 所在)))) (NP (NN 位置))) (VP (VV 南移)))) )
2-B,随年份的推移，臭氧总量	随纬度的增高而递减,None,,,8,,随 年份 的 推移 ， 臭氧 总量 随 纬度 的 增高 而 递减,随 年份 的 推移 ， 臭氧 总量 随 纬度 的 增高 而 递减,P NN DEG VV PU NN NN P term DEG VV MSP VV,,趋势_0（臭氧，总量，随年份的推移，递减）趋势_1（臭氧，总量，随纬度的增高，递减）,趋势_0（臭氧，总量，随年份的推移，递减）趋势_1（臭氧，总量，随纬度的增高，递减）,0_0-2-3 1_7-9,0_0-2-3 1_7-9,趋势 趋势,趋势 趋势,,,随 年份 的 推移 ， 臭氧 总量 随 纬度 的 增高 而 递减,随 年份 的 推移 ， 臭氧 总量 随 纬度 的 增高 而 递减,P NN DEG VV PU NN NN P term DEG NN MSP VV,( (IP (IP (NP (DNP (PP (P 随) (NP (NN 年份))) (DEG 的))) (VP (VV 推移))) (PU ，) (IP (NP (NN 臭氧) (NN 总量)) (VP (VP (PP (P 随) (NP (DNP (NP (NN 纬度)) (DEG 的)))) (VP (VV 增高))) (VP (MSP 而) (VP (VV 递减)))))) )
2-C,随年份的推移，臭氧总量	在高纬地区递减明显,None,,8,,,随 年份 的 推移 ， 臭氧 总量 在 高纬地区 递减 明显,随 年份 的 推移 ， 臭氧 总量 在 高纬 地区 递减 明显,P NN DEG VV PU NN NN P loc VV VA,,趋势_0（臭氧，总量，随年份的推移，在高纬地区递减明显）,趋势_0（臭氧，总量，随年份的推移，在高纬地区递减明显）,0_0-2-3,0_0-2-3,趋势,趋势,,,随 年份 的 推移 ， 臭氧 总量 在 高纬 地区 递减 明显,随 年份 的 推移 ， 臭氧 总量 在 高纬 地区 递减 明显,P NN DEG VV PU NN NN P loc VV VA,( (IP (IP (NP (DNP (PP (P 随) (NP (NN 年份))) (DEG 的))) (VP (VV 推移))) (PU ，) (IP (IP (NP (NN 臭氧) (NN 总量)) (VP (PP (P 在) (NP (NR 高纬地区))) (VP (VV 递减)))) (VP (VA 明显)))) )
2-D,随年份的推移，臭氧总量	随大气CO2浓度而增,None,,,,,随 年份 的 推移 ， 臭氧 总量 随 大气 CO2 浓度 而 增,随 年份 的 推移 ， 臭氧 总量 随 大气 CO2 浓度 而 增,P NN DEG VV PU NN NN P NN NR NN MSP VV,,趋势_0（臭氧，总量，随年份的推移，增）趋势_1（臭氧，总量，随大气CO2浓度，增）,趋势_0（臭氧，总量，随年份的推移，增）趋势_1（臭氧，总量，随大气CO2浓度，增）,0_0-2-3 1_7-11,0_0-2-3 1_7-11,趋势 趋势,趋势 趋势,,,随 年份 的 推移 ， 臭氧 总量 随 大气 CO2 浓度 而 增,随 年份 的 推移 ， 臭氧 总量 随 大气 CO2 浓度 而 增,P NN DEG VV PU NN NN P NN NR NN MSP VV,( (IP (IP (NP (PP (P 随) (NP (NN 年份))) (DEG 的)) (VP (VV 推移))) (PU ，) (IP (NP (NN 臭氧) (NN 总量)) (VP (PP (P 随) (NP (NP (NN 大气)) (NP (NP (NR CO2)) (NP (NN 浓度))))) (VP (MSP 而) (VP (VV 增)))))) )
3-A,臭氧总量减少直接导致	太阳紫外线辐射减小,None,,,,,臭氧 总量 减少 直接 导致 太阳 紫外线 辐射 减小,臭氧 总量 减少 直接 导致 太阳 紫外线 辐射 减小,NN NN VV AD VV NN NN NN VV,,因果_0（臭氧总量减少，太阳紫外线辐射减小）,因果_0（趋势_1（臭氧，总量，，减少），趋势_2（太阳，紫外线辐射，，减小））,0_3-4,0_3-4 1_2 2_8,因果,因果 趋势 趋势,,,臭氧 总量 减少 直接 导致 太阳 紫外线 辐射 减小,臭氧 总量 减少 直接 导致 太阳 紫外线 辐射 减小,NN NN VV AD VV NN NN NN VV,( (IP (NP (NN 臭氧) (NN 总量)) (VP (VV 减少) (VP (ADVP (AD 直接)) (VP (VV 导致) (IP (NP (NP (NN 太阳) (NN 紫外线)) (NP (NN 辐射))) (VP (VV 减小))))))) )
3-B,臭氧总量减少直接导致	平流层气温降低,None,,,5,,臭氧 总量 减少 直接 导致 平流层 气温 降低,臭氧 总量 减少 直接 导致 平流层 气温 降低,NN NN VV AD VV term NN VV,,因果_0（臭氧总量减少，平流层气温降低）,因果_0（趋势_1（臭氧，总量，，减少），趋势_2（平流层，气温，，降低））,0_3-4,0_3-4 1_2 2_7,因果,因果,,,臭氧 总量 减少 直接 导致 平流层 气温 降低,臭氧 总量 减少 直接 导致 平流层 气温 降低,NN NN VV AD VV term NN VV,( (IP (NP (NN 臭氧) (NN 总量)) (VP (VV 减少) (VP (ADVP (AD 直接)) (VP (VV 导致) (IP (NP (NN 平流层) (NN 气温)) (VP (VV 降低))))))) )
3-C,臭氧总量减少直接导致	酸雨区面积缩小,None,,,5,,臭氧 总量 减少 直接 导致 酸雨区 面积 缩小,臭氧 总量 减少 直接 导致 酸雨区 面积 缩小,NN NN VV AD VV term NN VV,,因果_0（臭氧总量减少，酸雨区面积缩小）,因果_0（趋势_1（臭氧，总量，，减少），趋势_2（酸雨区，面积，，缩小））,0_3-4,0_3-4 1_2 1_7,因果,因果 趋势 趋势,,,臭氧 总量 减少 直接 导致 酸雨区 面积 缩小,臭氧 总量 减少 直接 导致 酸雨区 面积 缩小,NN NN VV AD VV term NN VV,( (IP (NP (NN 臭氧) (NN 总量)) (VP (VV 减少) (VP (ADVP (AD 直接)) (VP (VV 导致) (IP (NP (NN 酸雨区) (NN 面积)) (VP (VV 缩小))))))) )
3-D,臭氧总量减少直接导致	地面辐射强度减弱,None,,,5,,臭氧 总量 减少 直接 导致 地面辐射强度 减弱,臭氧 总量 减少 直接 导致 地面 辐射 强度 减弱,NN NN VV AD VV term VV,,因果_0（臭氧总量减少，地面辐射强度减弱）,因果_0（趋势_1（臭氧，总量，，减少），趋势_2（地面辐射，强度，，减弱））,0_3-4,0_3-4 1_2 2_6,因果,因果 趋势 趋势,,,臭氧 总量 减少 直接 导致 地面辐射 强度 减弱,臭氧 总量 减少 直接 导致 地面辐射 强度 减弱,NN NN VV AD VV term VV,( (IP (NP (NN 臭氧) (NN 总量)) (VP (VV 减少) (VP (ADVP (AD 直接)) (VP (VV 导致) (IP (NP (NN 地面辐射强度)) (VP (VV 减弱))))))) )
4-A,图中山地年降水量	随海拔升高而递减,None,,,3,,图 中 山地 年降水量 随 海拔 升高 而 递减,图 中 山地 年 降水量 随 海拔 升高 而 递减,NN LC NN term P NN VV MSP VV,,趋势_0（图中山地，年降水量，随海拔升高，递减）,趋势_0（图中山地，年降水量，随海拔升高，递减）,0_4-7,0_4-7,趋势,趋势,,,图 中山 地 年降水量 随 海拔 升高 而 递减,图 中 山地 年降水量 随 海拔 升高 而 递减,NN LC NN term P NN VV MSP VV,( (IP (NP (LCP (NP (NN 图)) (LC 中)) (NP (NN 山地) (NN 年降水量))) (VP (VP (PP (P 随) (NP (NN 海拔))) (VP (VV 升高))) (VP (MSP 而) (VP (VV 递减))))) )
4-B,图中山地年降水量	与山地气温垂直变化一致,None,,,3,,图 中 山地 年降水量 与 山地 气温 垂直 变化 一致,图 中 山地 年 降水量 与 山地 气温 垂直 变化 一致,NN LC NN term CC NN NN JJ NN NN,,比较_0（图中山地，，年降水量，气温垂直，变化一致）,比较_0（图中山地，，年降水量，气温垂直，变化一致）,0_4-9,0_4-9,比较,比较,,,图 中山 地 年降水量 与 山地 气温 垂直 变化 一致,图 中 山地 年降水量 与 山地 气温 垂直 变化 一致,NN LC NN term CC NN NN JJ NN NN,( (NP (NP (NP (LCP (NP (NN 图)) (LC 中)) (NP (NP (NN 山地) (NN 年降水量)) (CC 与) (NP (NN 山地) (NN 气温)))) (ADJP (JJ 垂直)) (NP (NN 变化))) (NP (NN 一致))) )
4-C,图中山地年降水量	最大值所在海拔高度不同,None,,,3,,图 中 山地 年降水量 最大值 所 在 海拔 高度 不同,图 中 山地 年 降水量 最大值 所 在 海拔 高度 不同,NN LC NN term NN MSP P NN NN VA,,一般陈述_0（图中山地年降水量最大值所在海拔高度不同）,一般陈述_0（图中山地年降水量最大值所在海拔高度不同）,,,一般陈述,一般陈述,,,图 中山 地 年降水量 最 大值 所 在 海拔高度 不同,图 中 山地 年降水量 最 大值 所 在 海拔高度 不同,NN LC NN term AD NN MSP P NN AD VA,( (IP (IP (NP (LCP (NP (NN 图)) (LC 中)) (NP (NN 山地) (NN 年降水量)) (NP (NN 最大值))) (VP (MSP 所) (VP (PP (P 在) (NP (NN 海拔)))))) (NP (NN 高度)) (VP (VA 不同))) )
4-D,图中山地年降水量	垂直变化最大的是山地①,None,,,3,,图 中 山地 年降水量 垂直 变化 最 大 的 是 山地 ①,图 中 山地 年 降水量 垂直 变化 最 大 的 是 山地 ①,NN LC NN term JJ NN AD VA DEC VC NN NN,,最值_0（山地①，年降水量，垂直变化最大，图中山地）,最值_0（山地①，年降水量，垂直变化最大，图中山地）,0_6-7,0_6-7,最值,最值,,,图 中山 地 年降水量 垂直 变化 最 大 的 是 山地 ①,图 中 山地 年降水量 垂直 变化 最 大 的 是 山地 ①,NN LC NN term JJ NN AD VA DEC VC NN PU,( (IP (NP (CP (IP (NP (NP (LCP (NP (NN 图)) (LC 中)) (NP (NN 山地) (NN 年降水量))) (ADJP (JJ 垂直)) (NP (NN 变化))) (VP (ADVP (AD 最)) (VP (VA 大)))) (DEC 的))) (VP (VC 是) (NP (NN 山地) (NN ①)))) )
5-A,山麓景观分别为温带荒漠和亚热带常绿阔叶林的是	①和②,None,,,4 6,,山麓 景观 分别 为 温带荒漠 和 亚热带常绿阔叶林 的 是 ① 和 ②,山麓 景观 分别 为 温带 荒漠 和 亚热带 常绿 阔叶林 的 是 ① 和 ②,NN NN AD VC term CC term DEG VC NN CC NN,,匹配_0（列表_1（温带荒漠，亚热带常绿阔叶林）列表_2（ ①，②））,匹配_0（列表_1（温带荒漠，亚热带常绿阔叶林）列表_2（ ①，②））,0_2-3 1_2-5 2_2-10,0_2-3 1_2-5 2_2-10,匹配 列表 列表,匹配 列表 列表,,,山麓 景观 分别 为 温带荒漠 和 亚热带常绿阔叶林 的 是 ① 和 ②,山麓 景观 分别 为 温带荒漠 和 亚热带常绿阔叶林 的 是 ① 和 ②,NN NN AD VC term CC term DEG VC NN CC NN,( (IP (NP (NN 山麓) (NN 景观)) (VP (ADVP (AD 分别)) (VP (VC 为) (NP (DNP (NP (NN 温带荒漠) (CC 和) (NN 亚热带常绿阔叶林)) (DEG 的)) (CP (VP (VC 是))) (NP (NN ①) (CC 和) (NN ②)))))) )
5-B,山麓景观分别为温带荒漠和亚热带常绿阔叶林的是	①和③,None,,,4 6,,山麓 景观 分别 为 温带荒漠 和 亚热带常绿阔叶林 的 是 ① 和 ③,山麓 景观 分别 为 温带 荒漠 和 亚热带 常绿 阔叶林 的 是 ① 和 ③,NN NN AD VC term CC term DEG VC NN CC NN,,匹配_0（列表_1（温带荒漠，亚热带常绿阔叶林）列表_2（ ①，③））,匹配_0（列表_1（温带荒漠，亚热带常绿阔叶林）列表_2（ ①，③））,0_2-3 1_2-5 2_2-10,0_2-3 1_2-5 2_2-10,匹配 列表 列表,匹配 列表 列表,,,山麓 景观 分别 为 温带荒漠 和 亚热带常绿阔叶林 的 是 ① 和 ③,山麓 景观 分别 为 温带荒漠 和 亚热带常绿阔叶林 的 是 ① 和 ③,NN NN AD VC term CC term DEG VC NN CC NN,( (IP (NP (NN 山麓) (NN 景观)) (VP (ADVP (AD 分别)) (VP (VC 为) (NP (DNP (NP (NN 温带荒漠) (CC 和) (NN 亚热带常绿阔叶林)) (DEG 的)) (CP (VP (VC 是))) (NP (NN ①) (CC 和) (NN ③)))))) )
5-C,山麓景观分别为温带荒漠和亚热带常绿阔叶林的是	②和④,None,,,4 6,,山麓 景观 分别 为 温带荒漠 和 亚热带常绿阔叶林 的 是 ② 和 ④,山麓 景观 分别 为 温带 荒漠 和 亚热带 常绿 阔叶林 的 是 ② 和 ④,NN NN AD VC term CC term DEG VC NN CC NN,,匹配_0（列表_1（温带荒漠，亚热带常绿阔叶林）列表_2（ ②，④））,匹配_0（列表_1（温带荒漠，亚热带常绿阔叶林）列表_2（ ②，④））,0_2-3 1_2-5 2_2-10,0_2-3 1_2-5 2_2-10,匹配 列表 列表,匹配 列表 列表,,,山麓 景观 分别 为 温带荒漠 和 亚热带常绿阔叶林 的 是 ② 和 ④,山麓 景观 分别 为 温带荒漠 和 亚热带常绿阔叶林 的 是 ② 和 ④,NN NN AD VC term CC term DEG VC NN CC NN,( (IP (NP (NN 山麓) (NN 景观)) (VP (ADVP (AD 分别)) (VP (VC 为) (NP (DNP (NP (NN 温带荒漠) (CC 和) (NN 亚热带常绿阔叶林)) (DEG 的)) (CP (VP (VC 是))) (NP (NN ②) (CC 和) (NN ④)))))) )
5-D,山麓景观分别为温带荒漠和亚热带常绿阔叶林的是	③和④,None,,,4 6,,山麓 景观 分别 为 温带荒漠 和 亚热带常绿阔叶林 的 是 ③ 和 ④,山麓 景观 分别 为 温带 荒漠 和 亚热带 常绿 阔叶林 的 是 ③ 和 ④,NN NN AD VC term CC term DEG VC NN CC NN,,匹配_0（列表_1（温带荒漠，亚热带常绿阔叶林）列表_2（ ③，④））,匹配_0（列表_1（温带荒漠，亚热带常绿阔叶林）列表_2（ ③，④））,0_2-3 1_2-5 2_2-10,0_2-3 1_2-5 2_2-10,匹配 列表 列表,匹配 列表 列表,,,山麓 景观 分别 为 温带荒漠 和 亚热带常绿阔叶林 的 是 ③ 和 ④,山麓 景观 分别 为 温带荒漠 和 亚热带常绿阔叶林 的 是 ③ 和 ④,NN NN AD VC term CC term DEG VC NN CC NN,( (IP (NP (NN 山麓) (NN 景观)) (VP (ADVP (AD 分别)) (VP (VC 为) (NP (DNP (NP (NN 温带荒漠) (CC 和) (NN 亚热带常绿阔叶林)) (DEG 的)) (CP (VP (VC 是))) (NP (NN ③) (CC 和) (NN ④)))))) )
6-A,该海域沿岸	存在上升流，为热带雨林气候,y,,,4 7,,该 海域 沿岸 存在 上升流 ， 为 热带雨林气候,该 海域 沿岸 存在 上升流 ， 为 热带 雨林 气候,DT NN NN VV term PU VC term,,位于_0（该海域沿岸，上升流）匹配_1（该海域沿岸，热带雨林气候）,位于_0（该海域沿岸，上升流）匹配_1（该海域沿岸，热带雨林气候）,0_0-3 1_0-6,0_0-3 1_0-6,位于 匹配,位于 匹配,,7,该 海域 沿岸 存在 上升流 ， 为 热带雨林气候,该 海域 沿岸 存在 上升流 ， 为 热带雨林气候,DT NN NN VV term PU P term,( (IP (NP (NP (DP (DT 该)) (NP (NN 海域))) (NP (NN 沿岸))) (VP (VP (VV 存在) (NP (NN 上升流))) (PU ，) (VP (VC 为) (NP (NN 热带雨林气候))))) )
6-A-0,该海域沿岸	存在上升流,ed-ori,,,4,,该 海域 沿岸 存在 上升流,该 海域 沿岸 存在 上升流,DT NN NN VV term,,位于_0（该海域沿岸，上升流）,位于_0（该海域沿岸，上升流）,0_0-3,0_0-3,位于,位于,,,该 海域 沿岸 存在 上升流,该 海域 沿岸 存在 上升流,DT NN NN VV term,( (IP (NP (NP (DP (DT 该)) (NP (NN 海域))) (NP (NN 沿岸))) (VP (VV 存在) (NP (NN 上升流)))) )
6-A-1,该海域沿岸	为热带雨林气候,ed-ori,,,4,,该 海域 沿岸 为 热带雨林气候,该 海域 沿岸 为 热带 雨林 气候,DT NN NN VC term,,匹配_0（该海域沿岸，热带雨林气候）,匹配_0（该海域沿岸，热带雨林气候）,0_0-3,0_0-3,匹配,匹配,,4,该 海域 沿岸 为 热带雨林气候,该 海域 沿岸 为 热带雨林气候,DT NN NN VC term,( (IP (NP (NP (DP (DT 该)) (NP (NN 海域))) (NP (NN 沿岸))) (VP (VC 为) (NP (NN 热带雨林气候)))) )
6-B,该海域沿岸	有暖流经过，为热带草原气候,y,,,4 8,,该 海域 沿岸 有 暖流 经过 ， 为 热带草原气候,该 海域 沿岸 有 暖流 经过 ， 为 热带 草原 气候,DT NN NN VE term VV PU VC term,,位于_0（该海域沿岸，暖流）匹配_1（该海域沿岸，热带草原气候）,位于_0（该海域沿岸，暖流）匹配_1（该海域沿岸，热带草原气候）,0_0-3-5 1_0-7,0_0-3-5 1_0-7,位于 匹配,位于 匹配,,8,该 海域 沿岸 有 暖流 经过 ， 为 热带草原气候,该 海域 沿岸 有 暖流 经过 ， 为 热带草原气候,DT NN NN VE term P PU P term,( (IP (NP (NP (DP (DT 该)) (NP (NN 海域))) (NP (NN 沿岸))) (VP (VP (VE 有) (IP (NP (NN 暖流)) (VP (VV 经过)))) (PU ，) (VP (VC 为) (NP (NN 热带草原气候))))) )
6-B-0,该海域沿岸	有暖流经过,ed-ori,,,4,,该 海域 沿岸 有 暖流 经过,该 海域 沿岸 有 暖流 经过,DT NN NN VE term VV,,位于_0（该海域沿岸，暖流）,位于_0（该海域沿岸，暖流）,0_0-3-5,0_0-3-5,位于,位于,,,该 海域 沿岸 有 暖流 经过,该 海域 沿岸 有 暖流 经过,DT NN NN VE term VV,( (IP (NP (NP (DP (DT 该)) (NP (NN 海域))) (NP (NN 沿岸))) (VP (VE 有) (IP (NP (NN 暖流)) (VP (VV 经过))))) )
6-B-1,该海域沿岸	为热带草原气候,ed-ori,,,4,,该 海域 沿岸 为 热带草原气候,该 海域 沿岸 为 热带 草原 气候,DT NN NN VC term,,匹配_0（该海域沿岸，为热带草原气候）,匹配_0（该海域沿岸，为热带草原气候）,0_0-3,0_0-3,匹配,匹配,,4,该 海域 沿岸 为 热带草原气候,该 海域 沿岸 为 热带草原气候,DT NN NN VC term,( (IP (NP (NP (DP (DT 该)) (NP (NN 海域))) (NP (NN 沿岸))) (VP (VC 为) (NP (NN 热带草原气候)))) )
6-C,该海域沿岸	有寒流经过，为热带沙漠气候,y,,,4 8,,该 海域 沿岸 有 寒流 经过 ， 为 热带沙漠气候,该 海域 沿岸 有 寒流 经过 ， 为 热带 沙漠 气候,DT NN NN VE term VV PU VC term,,位于_0（该海域沿岸，寒流）匹配_1（该海域沿岸，热带沙漠气候）,位于_0（该海域沿岸，寒流）匹配_1（该海域沿岸，热带沙漠气候）,0_0-3-5 1_0-7,0_0-3-5 1_0-7,位于 匹配,位于 匹配,,8,该 海域 沿岸 有 寒流 经过 ， 为 热带沙漠气候,该 海域 沿岸 有 寒流 经过 ， 为 热带沙漠气候,DT NN NN VE term VV PU P term,( (IP (NP (NP (DP (DT 该)) (NP (NN 海域))) (NP (NN 沿岸))) (VP (VP (VP (VE 有) (NP (NN 寒流))) (VP (VV 经过))) (PU ，) (VP (VC 为) (NP (NN 热带沙漠气候))))) )
6-C-0,该海域沿岸	有寒流经过,ed-ori,,,4,,该 海域 沿岸 有 寒流 经过,该 海域 沿岸 有 寒流 经过,DT NN NN VE term VV,,位于_0（该海域沿岸，寒流）,位于_0（该海域沿岸，寒流）,0_0-3-5,0_0-3-5,位于,位于,,,该 海域 沿岸 有 寒流 经过,该 海域 沿岸 有 寒流 经过,DT NN NN VE term VV,( (IP (NP (NP (DP (DT 该)) (NP (NN 海域))) (NP (NN 沿岸))) (VP (VP (VE 有) (NP (NN 寒流))) (VP (VV 经过)))) )
6-C-1,该海域沿岸	为热带沙漠气候,ed-ori,,,4,,该 海域 沿岸 为 热带沙漠气候,该 海域 沿岸 为 热带 沙漠 气候,DT NN NN VC term,,匹配_0（该海域沿岸，热带沙漠气候）,匹配_0（该海域沿岸，热带沙漠气候）,0_0-3,0_0-3,匹配,匹配,,4,该 海域 沿岸 为 热带沙漠气候,该 海域 沿岸 为 热带沙漠气候,DT NN NN VC term,( (IP (NP (NP (DP (DT 该)) (NP (NN 海域))) (NP (NN 沿岸))) (VP (VC 为) (NP (NN 热带沙漠气候)))) )
6-D,该海域沿岸	盛行东南风，为热带季风气候,y,,,4 7,,该 海域 沿岸 盛行 东南风 ， 为 热带季风气候,该 海域 沿岸 盛行 东南风 ， 为 热带 季风 气候,DT NN NN VV term PU VC term,,位于_0（该海域沿岸，盛行东南风）匹配_1（该海域沿岸，热带季风气候）,位于_0（该海域沿岸，盛行东南风）匹配_1（该海域沿岸，热带季风气候）,0_0-3 1_0-6,0_0-3 1_0-6,位于 匹配,位于 匹配,,7,该 海域 沿岸 盛行 东南风 ， 为 热带季风气候,该 海域 沿岸 盛行 东南风 ， 为 热带季风气候,DT NN NN VV term PU P term,( (IP (NP (NP (DP (DT 该)) (NP (NN 海域))) (NP (NN 沿岸))) (VP (VP (VV 盛行) (NP (NN 东南风))) (PU ，) (VP (VC 为) (NP (NN 热带季风气候))))) )
6-D-0,该海域沿岸	盛行东南风,ed-ori,,,4,,该 海域 沿岸 盛行 东南风,该 海域 沿岸 盛行 东南风,DT NN NN VV term,,位于_0（该海域沿岸，盛行东南风）,位于_0（该海域沿岸，盛行东南风）,0_0-3,0_0-3,位于,位于,,,该 海域 沿岸 盛行 东南风,该 海域 沿岸 盛行 东南风,DT NN NN VV term,( (IP (NP (NP (DP (DT 该)) (NP (NN 海域))) (NP (NN 沿岸))) (VP (VV 盛行) (NP (NN 东南风)))) )
6-D-1,该海域沿岸	为热带季风气候,ed-ori,,,4,,该 海域 沿岸 为 热带季风气候,该 海域 沿岸 为 热带 季风 气候,DT NN NN VC term,,匹配_0（该海域沿岸，热带季风气候）,匹配_0（该海域沿岸，热带季风气候）,0_0-3,0_0-3,匹配,匹配,,4,该 海域 沿岸 为 热带季风气候,该 海域 沿岸 为 热带季风气候,DT NN NN VC term,( (IP (NP (NP (DP (DT 该)) (NP (NN 海域))) (NP (NN 沿岸))) (VP (VC 为) (NP (NN 热带季风气候)))) )
7-A,图中	乙处为河流冲积扇,None,,,5,,图 中 乙处 为 河流 冲积扇,图 中 乙处 为 河流 冲积扇,NN LC NN VC NN term,,匹配_0（图中乙处，河流冲积扇）,匹配_0（图中乙处，河流冲积扇）,0_3,0_3,匹配,匹配,,,图 中 乙处 为 河流 冲积扇,图 中 乙处 为 河流 冲积扇,NN LC NN VC NN term,( (IP (NP (LCP (NP (NN 图)) (LC 中)) (NP (NN 乙处))) (VP (VC 为) (NP (NN 河流) (NN 冲积扇)))) )
7-B,图中	丙处侵蚀比对岸强,None,,,3,,图 中 丙处 侵蚀 比 对岸 强,图 中 丙处 侵蚀 比 对岸 强,NN LC NN term P NN VA,,比较_0（图中丙处，对岸，侵蚀，强）,比较_0（图中丙处，对岸，侵蚀，强）,0_4-6,0_4-6,比较,比较,,,图 中 丙处 侵蚀 比 对岸 强,图 中 丙处 侵蚀 比 对岸 强,NN LC NN term P NN VA,( (IP (NP (LCP (NP (NN 图)) (LC 中)) (NP (NN 丙处))) (NP (NN 侵蚀)) (VP (PP (P 比) (NP (NN 对岸))) (VP (VA 强)))) )
7-C,图中	丁处矿床为天然气,None,,,,,图 中 丁处 矿床 为 天然气,图 中 丁处 矿床 为 天然气,NN LC NN NN VC NN,,匹配_0（图中丁处矿床，天然气）,匹配_0（图中丁处矿床，天然气）,0_4,0_4,匹配,匹配,,,图 中 丁处 矿床 为 天然 气,图 中 丁处 矿床 为 天然 气,NN LC NR NN VC NN,( (IP (NP (LCP (NP (NN 图)) (LC 中)) (NP (NN 丁处) (NN 矿床))) (VP (VC 为) (NP (NN 天然气)))) )
7-D,图中	戊处位于背斜谷内,None,,,4,,图 中 戊处 位于 背斜谷 内,图 中 戊处 位于 背斜谷 内,NN LC NN VV term LC,,位于_0（戊处，背斜谷）,位于_0（戊处，背斜谷）,0_3,0_3,位于,位于,,4,图 中 戊处 位于 背斜谷 内,图 中 戊处 位于 背斜谷 内,NN LC VV VV term LC,( (IP (NP (LCP (NP (NN 图)) (LC 中)) (NP (NN 戊处))) (VP (VV 位于) (LCP (NP (NN 背斜谷)) (LC 内)))) )
8-①,岛内最大零售商业点位于甲村，主要形成原因是该村	地形平坦，交通便利,y,,6,,,岛内 最 大 零售 商业点 位于 甲村 ， 主要 形成 原因 是 该 村 地形 平坦 ， 交通 便利,岛内 最 大 零售 商业 点位于 甲村 ， 主要 形成 原因 是 该 村 地形 平坦 ， 交通 便利,NN AD JJ NN NN VV loc PU AD VV NN VC DT NN NN VA PU NN VA,,因果_0（该村地形平坦交通便利，岛内最大零售商业点位于甲村）,因果_0（该村地形平坦交通便利，岛内最大零售商业点位于甲村）,0_10-11,0_10-11,因果,因果,,,岛内 最 大 零售 商业 点位 于甲村 ， 主要 形成 原因 是 该 村 地形 平坦 ， 交通 便利,岛内 最 大 零售 商业 点位 于甲村 ， 主要 形成 原因 是 该 村 地形 平坦 ， 交通 便利,NN AD JJ NN NN NN P loc PU AD VV NN VC DT NN NN NN PU NN NN,( (IP (IP (NP (NP (NN 岛内)) (ADJP (ADVP (AD 最)) (ADJP (JJ 大))) (NP (NN 零售) (NN 商业点))) (VP (VV 位于) (NP (NR 甲村)))) (PU ，) (NP (CP (IP (VP (ADVP (AD 主要)) (VP (VV 形成))))) (NP (NN 原因))) (VP (VC 是) (IP (IP (NP (DP (DT 该)) (NP (NN 村))) (NP (NN 地形)) (VP (VA 平坦))) (PU ，) (IP (NP (NN 交通)) (VP (VA 便利)))))) )
8-①-0,岛内最大零售商业点位于甲村，主要形成原因是该村	地形平坦,ed-ori,,6,,,岛内 最 大 零售 商业点 位于 甲村 ， 主要 形成 原因 是 该 村 地形 平坦,岛内 最 大 零售 商业点 位于 甲村 ， 主要 形成 原因 是 该 村 地形 平坦,NN AD JJ NN NN VV loc PU AD VV NN VC DT NN NN VA,,因果_0（该村地形平坦，岛内最大零售商业点位于甲村）,因果_0（该村地形平坦，岛内最大零售商业点位于甲村）,0_10-11,0_10-11,因果,因果,,,岛内 最 大 零售 商业 点位 于甲村 ， 主要 形成 原因 是 该 村 地形 平坦,岛内 最 大 零售 商业 点位 于甲村 ， 主要 形成 原因 是 该 村 地形 平坦,NN AD JJ NN NN NN P loc PU AD VV NN VC DT NN NN NN,( (IP (NP (NP (NN 岛内)) (ADJP (ADVP (AD 最)) (ADJP (JJ 大))) (NP (NN 零售) (NN 商业点))) (VP (VP (VV 位于) (NP (NR 甲村))) (PU ，) (VP (IP (VP (ADVP (AD 主要)) (VP (VV 形成) (NP (NN 原因))))) (VP (VC 是) (NP (NP (DP (DT 该)) (NP (NN 村))) (NP (NN 地形))) (IP (VP (VA 平坦))))))) )
8-①-1,岛内最大零售商业点位于甲村，主要形成原因是该村	交通便利,ed-ori,,6,,,岛内 最 大 零售 商业点 位于 甲村 ， 主要 形成 原因 是 该 村 交通 便利,岛内 最 大 零售 商业点 位于 甲村 ， 主要 形成 原因 是 该 村 交通 便利,NN AD JJ NN NN VV loc PU AD VV NN VC DT NN NN VA,,因果_0（该村交通便利，岛内最大零售商业点位于甲村）,因果_0（该村交通便利，岛内最大零售商业点位于甲村）,0_10-11,0_10-11,因果,因果,,,岛内 最 大 零售 商业 点位 于甲村 ， 主要 形成 原因 是 该 村 交通 便利,岛内 最 大 零售 商业 点位 于甲村 ， 主要 形成 原因 是 该 村 交通 便利,NN AD JJ NN NN NN P loc PU AD VV NN VC DT NN NN NN,( (IP (IP (NP (NP (NN 岛内)) (ADJP (ADVP (AD 最)) (ADJP (JJ 大))) (NP (NN 零售) (NN 商业点))) (VP (VV 位于) (NP (NR 甲村)))) (PU ，) (IP (NP (CP (IP (VP (ADVP (AD 主要)) (VP (VV 形成))))) (NP (NN 原因))) (VP (VC 是) (IP (NP (NP (DP (DT 该)) (NP (NN 村))) (NP (NN 交通))) (VP (VA 便利)))))) )
8-②,岛内最大零售商业点位于甲村，主要形成原因是该村	商业从业人口多,None,,6,,,岛内 最 大 零售 商业点 位于 甲村 ， 主要 形成 原因 是 该 村 商业 从业 人口 多,岛内 最 大 零售 商业点 位于 甲村 ， 主要 形成 原因 是 该 村 商业 从业 人口 多,NN AD JJ NN NN VV loc PU AD VV NN VC DT NN NN JJ NN VA,,因果_0（该村商业从业人口多，岛内最大零售商业点位于甲村）,因果_0（该村商业从业人口多，岛内最大零售商业点位于甲村）,0_10-11,0_10-11,因果,因果,,,岛内 最 大 零售 商业 点位 于甲村 ， 主要 形成 原因 是 该 村 商业 从业 人口 多,岛内 最 大 零售 商业 点位 于甲村 ， 主要 形成 原因 是 该 村 商业 从业 人口 多,NN AD JJ NN NN NN P loc PU AD VV NN VC DT NN NN JJ NN VA,( (IP (IP (NP (NP (NN 岛内)) (ADJP (ADVP (AD 最)) (ADJP (JJ 大))) (NP (NN 零售) (NN 商业点))) (VP (VV 位于) (NP (NR 甲村)))) (PU ，) (IP (NP (CP (IP (VP (ADVP (AD 主要)) (VP (VV 形成))))) (NP (NN 原因))) (VP (VC 是) (IP (NP (NP (DP (DT 该)) (NP (NN 村))) (NP (NN 商业)) (ADJP (JJ 从业)) (NP (NN 人口))) (VP (VA 多)))))) )
8-③,岛内最大零售商业点位于甲村，主要形成原因是该村	商业组织形式复杂,None,,6,,,岛内 最 大 零售 商业点 位于 甲村 ， 主要 形成 原因 是 该 村 商业 组织 形式 复杂,岛内 最 大 零售 商业点 位于 甲村 ， 主要 形成 原因 是 该 村 商业 组织 形式 复杂,NN AD JJ NN NN VV loc PU AD VV NN VC DT NN NN NN NN VA,,因果_0（该村商业组织形式复杂，岛内最大零售商业点位于甲村）,因果_0（该村商业组织形式复杂，岛内最大零售商业点位于甲村）,0_10-11,0_10-11,因果,因果,,,岛内 最 大 零售 商业 点位 于甲村 ， 主要 形成 原因 是 该 村 商业 组织 形式 复杂,岛内 最 大 零售 商业 点位 于甲村 ， 主要 形成 原因 是 该 村 商业 组织 形式 复杂,NN AD JJ NN NN NN P loc PU AD VV NN VC DT NN NN NN NN VA,( (IP (IP (NP (NP (NN 岛内)) (ADJP (ADVP (AD 最)) (ADJP (JJ 大))) (NP (NN 零售) (NN 商业点))) (VP (VV 位于) (NP (NR 甲村)))) (PU ，) (NP (CP (IP (VP (ADVP (AD 主要)) (VP (VV 形成))))) (NP (NN 原因))) (VP (VC 是) (IP (NP (NP (DP (DT 该)) (NP (NN 村))) (NP (NN 商业) (NN 组织))) (NP (NN 形式)) (VP (VA 复杂))))) )
8-④,岛内最大零售商业点位于甲村，主要形成原因是该村	人口数量大,None,,6,,,岛内 最 大 零售 商业点 位于 甲村 ， 主要 形成 原因 是 该 村 人口 数量 大,岛内 最 大 零售 商业点 位于 甲村 ， 主要 形成 原因 是 该 村 人口 数量 大,NN AD JJ NN NN VV loc PU AD VV NN VC DT NN NN NN VA,,因果_0（该村人口数量大，岛内最大零售商业点位于甲村）,因果_0（该村人口数量大，岛内最大零售商业点位于甲村）,0_10-11,0_10-11,因果,因果,,,岛内 最 大 零售 商业 点位 于甲村 ， 主要 形成 原因 是 该 村 人口 数量 大,岛内 最 大 零售 商业 点位 于甲村 ， 主要 形成 原因 是 该 村 人口 数量 大,NN AD JJ NN NN NN P loc PU AD VV NN VC DT NN NN NN JJ,( (IP (IP (NP (NP (NN 岛内)) (ADJP (ADVP (AD 最)) (ADJP (JJ 大))) (NP (NN 零售) (NN 商业点))) (VP (VV 位于) (NP (NR 甲村)))) (PU ，) (NP (CP (IP (VP (ADVP (AD 主要)) (VP (VV 形成))))) (NP (NN 原因))) (VP (VC 是) (IP (NP (NP (NP (DP (DT 该)) (NP (NN 村))) (NP (NN 人口))) (NP (NN 数量))) (VP (VA 大))))) )
9-A,在海岛开发的过程中，该岛	人口容量最主要受耕地资源、矿产资源限制,None,,,,,在 海岛 开发 的 过程 中 ， 该 岛 人口 容量 最 主要 受 耕地 资源 、 矿产 资源 限制,在 海岛 开发 的 过程 中 ， 该 岛 人口 容量 最 主要 受 耕地 资源 、 矿产 资源 限制,P NN VV DEC NN LC PU loc NN NN NN AD AD VV NN NN PU NN NN NN,,影响_0（耕地资源，矿产资源，在海岛开发的过程中该岛人口容量）,影响_0（耕地资源，矿产资源，在海岛开发的过程中该岛人口容量）,0_13-19,0_13-19,影响,影响,,,在 海岛 开发 的 过程 中 ， 该 岛 人口 容量 最 主要 受 耕地 资源 、 矿产 资源 限制,在 海岛 开发 的 过程 中 ， 该 岛 人口 容量 最 主要 受 耕地 资源 、 矿产 资源 限制,P NN VV DEC NN LC PU loc NN NN NN AD AD VV NN NN PU NN NN NN,( (IP (PP (P 在) (LCP (NP (CP (IP (NP (NN 海岛)) (VP (VV 开发))) (DEC 的)) (NP (NN 过程))) (LC 中))) (PU ，) (NP (NP (NR 该) (NN 岛)) (NP (NN 人口) (NN 容量))) (VP (ADVP (AD 最)) (ADVP (AD 主要)) (VP (VV 受) (NP (NP (NN 耕地) (NN 资源)) (PU 、) (NP (NP (NN 矿产) (NN 资源)) (NP (NN 限制))))))) )
9-B,在海岛开发的过程中，该岛	适宜大面积种植水稻、甜菜、香蕉和橡胶,None,,,,,在 海岛 开发 的 过程 中 ， 该 岛 适宜 大 面积 种植 水稻 、 甜菜 、 香蕉 和 橡胶,在 海岛 开发 的 过程 中 ， 该 岛 适宜 大 面积 种植 水稻 、 甜菜 、 香蕉 和 橡胶,P NN VV DEC NN LC PU DT NN VV JJ NN VV NN PU NN PU NN CC NN,,实体信息陈述_0（该岛，在海岛开发的过程中，适宜大面积种植水稻、甜菜、香蕉和橡胶）,影响_0（耕地资源，矿产资源，在海岛开发的过程中该岛人口容量）,0_7,0_13-19,实体信息陈述,影响,,,在 海岛 开发 的 过程 中 ， 该 岛 适宜 大面积 种植 水稻 、 甜菜 、 香蕉 和 橡胶,在 海岛 开发 的 过程 中 ， 该 岛 适宜 大面积 种植 水稻 、 甜菜 、 香蕉 和 橡胶,P NN VV DEC NN LC PU DT NN VV JJ NN VV NN PU NN PU NN CC NN,( (IP (PP (P 在) (LCP (NP (CP (IP (NP (NN 海岛)) (VP (VV 开发))) (DEC 的)) (NP (NN 过程))) (LC 中))) (PU ，) (NP (DP (DT 该)) (NP (NN 岛))) (VP (VP (VV 适宜) (NP (ADJP (JJ 大)) (NP (NN 面积)))) (VP (VV 种植) (NP (NN 水稻) (PU 、) (NN 甜菜) (PU 、) (NN 香蕉) (CC 和) (NN 橡胶))))) )
9-C,在海岛开发的过程中，该岛	河流入海口处地势开阔，适宜建设深水港,y,,,,,在 海岛 开发 的 过程 中 ， 该 岛 河流 入海口 处 地势 开阔 ， 适宜 建设 深水港,在 海岛 开发 的 过程 中 ， 该 岛 河流 入海口 处 地势 开阔 ， 适宜 建设 深水港,P NN VV DEC NN LC PU DT NN NN NN NN NN VA PU VV VV NN,,因果_0（河流入海口处地势开阔，建设深水港）,因果_0（河流入海口处地势开阔，建设深水港）,0_15,0_15,因果,因果,,,在 海岛 开发 的 过程 中 ， 该 岛 河 流入 海口 处 地势 开阔 ， 适宜 建设 深水 港,在 海岛 开发 的 过程 中 ， 该 岛 河流 入海口 处 地势 开阔 ， 适宜 建设 深水 港,P NN VV DEC NN LC PU DT NN AD VV NN NN VA PU VV VV NN NR,( (IP (IP (PP (P 在) (LCP (NP (CP (IP (NP (NN 海岛)) (VP (VV 开发))) (DEC 的)) (NP (NN 过程))) (LC 中))) (PU ，) (NP (NP (DP (DT 该)) (NP (NN 岛))) (NP (NN 河流) (NN 入海口) (NN 处))) (NP (NN 地势)) (VP (VA 开阔))) (PU ，) (IP (VP (VCD (VV 适宜) (VV 建设)) (NP (NN 深水港))))) )
9-C-0,在海岛开发的过程中，该岛	河流入海口处地势开阔,ed-ori,,,,,在 海岛 开发 的 过程 中 ， 该 岛 河流 入海口 处 地势 开阔,在 海岛 开发 的 过程 中 ， 该 岛 河流 入海口 处 地势 开阔,P NN VV DEC NN LC PU DT NN NN NN NN NN VA,,实体信息陈述_0（该岛，在海岛开发的过程中，河流入海口处地势开阔）,实体信息陈述_0（该岛，在海岛开发的过程中，河流入海口处地势开阔）,0_7,0_7,实体信息陈述,实体信息陈述,,,在 海岛 开发 的 过程 中 ， 该 岛 河 流入 海口 处 地势 开阔,在 海岛 开发 的 过程 中 ， 该 岛 河流 入海口 处 地势 开阔,P NN VV DEC NN LC PU DT NN AD VV NN NN VA,( (IP (PP (P 在) (LCP (NP (CP (IP (NP (NN 海岛)) (VP (VV 开发))) (DEC 的)) (NP (NN 过程))) (LC 中))) (PU ，) (NP (NP (DP (DT 该)) (NP (NN 岛))) (NP (NN 河流) (NN 入海口) (NN 处))) (NP (NN 地势)) (VP (VA 开阔))) )
9-C-1,在海岛开发的过程中，该岛	适宜建设深水港,ed-ori,,,,,在 海岛 开发 的 过程 中 ， 该 岛 适宜 建设 深水港,在 海岛 开发 的 过程 中 ， 该 岛 适宜 建设 深水港,P NN VV DEC NN LC PU DT NN VV VV NN,,实体信息陈述_0（该岛，在海岛开发的过程中，适宜建设深水港）,实体信息陈述_0（该岛，在海岛开发的过程中，适宜建设深水港）,0_7,0_7,实体信息陈述,实体信息陈述,,,在 海岛 开发 的 过程 中 ， 该 岛 适宜 建设 深水 港,在 海岛 开发 的 过程 中 ， 该 岛 适宜 建设 深水 港,P NN VV DEC NN LC PU DT NN VV VV NN NR,( (IP (PP (P 在) (LCP (NP (CP (IP (NP (NN 海岛)) (VP (VV 开发))) (DEC 的)) (NP (NN 过程))) (LC 中))) (PU ，) (IP (IP (NP (DP (DT 该)) (NP (NN 岛))) (VP (VV 适宜))) (VP (VV 建设) (NP (NN 深水港))))) )
9-D,在海岛开发的过程中，该岛	需要防范强风、暴雨、风暴潮等自然灾害,None,,,15,,在 海岛 开发 的 过程 中 ， 该 岛 需要 防范 强风 、 暴雨 、 风暴潮 等 自然 灾害,在 海岛 开发 的 过程 中 ， 该 岛 需要 防范 强风 、 暴雨 、 风暴潮 等 自然 灾害,P NN VV DEC NN LC PU DT NN VV VV NN PU NN PU term ETC NN NN,,实体信息陈述_0（该岛，在海岛开发的过程中，需要防范强风、暴雨、风暴潮等自然灾害）,实体信息陈述_0（该岛，在海岛开发的过程中，需要防范强风、暴雨、风暴潮等自然灾害）,0_7,0_7,实体信息陈述,实体信息陈述,,,在 海岛 开发 的 过程 中 ， 该 岛 需要 防范 强风 、 暴雨 、 风暴潮 等 自然 灾害,在 海岛 开发 的 过程 中 ， 该 岛 需要 防范 强风 、 暴雨 、 风暴潮 等 自然 灾害,P NN VV DEC NN LC PU DT NN VV VV NN PU NN PU term ETC NN NN,( (IP (PP (P 在) (LCP (NP (CP (IP (NP (NN 海岛)) (VP (VV 开发))) (DEC 的)) (NP (NN 过程))) (LC 中))) (PU ，) (NP (DP (DT 该)) (NP (NN 岛))) (VP (VV 需要) (VP (VV 防范) (NP (NP (NN 强风) (PU 、) (NN 暴雨) (PU 、) (NN 风暴潮) (ETC 等)) (NP (NN 自然) (NN 灾害)))))) )
10-A,接受湖北输出货运量最多的省份（直辖市）位于湖北以	南,None,,12,,,接受 湖北 输出 货运量 最 多 的 省份 （ 直辖市 ） 位于 湖北以南,接受 湖北 输出 货运量 最 多 的 省份 （ 直辖市 ） 位于 湖北 以南,VV NR NN NN AD VA DEC NN PU NN PU VV loc,,位于_0（接受湖北输出货运量最多的省份直辖市，湖北以南）,位于_0（接受湖北输出货运量最多的省份直辖市，湖北以南）,0_11,0_11,位于,位于,,12,接受 湖北 输出 货运量 最 多 的 省份 （ 直辖市 ） 位于 湖北 以南,接受 湖北 输出 货运量 最 多 的 省份 （ 直辖市 ） 位于 湖北 以南,VV NR NN NN AD VA DEC NN PU NN PU VV loc,( (IP (NP (NP (CP (IP (VP (VP (VV 接受) (NP (NP (NR 湖北)) (NP (NN 输出) (NN 货运量)))) (VP (ADVP (AD 最)) (VP (VA 多))))) (DEC 的)) (NP (NN 省份))) (NP (PU （) (NN 直辖市) (PU ）))) (VP (VV 位于) (NP (NR 湖北以南)))) )
10-B,接受湖北输出货运量最多的省份（直辖市）位于湖北以	北,None,,12,,,接受 湖北 输出 货运量 最 多 的 省份 （ 直辖市 ） 位于 湖北以北,接受 湖北 输出 货运量 最 多 的 省份 （ 直辖市 ） 位于 湖北 以北,VV NR NN NN AD VA DEC NN PU NN PU VV loc,,位于_0（接受湖北输出货运量最多的省份直辖市，湖北以北）,位于_0（接受湖北输出货运量最多的省份直辖市，湖北以北）,0_11,0_11,位于,位于,,12,接受 湖北 输出 货运量 最 多 的 省份 （ 直辖市 ） 位于 湖北 以北,接受 湖北 输出 货运量 最 多 的 省份 （ 直辖市 ） 位于 湖北 以北,VV NR NN NN AD VA DEC NN PU NN PU VV loc,( (IP (NP (NP (CP (IP (VP (VP (VV 接受) (NP (NP (NR 湖北)) (NP (NN 输出) (NN 货运量)))) (VP (ADVP (AD 最)) (VP (VA 多))))) (DEC 的)) (NP (NN 省份))) (NP (PU （) (NN 直辖市) (PU ）))) (VP (VV 位于) (NP (NR 湖北以北)))) )
10-C,接受湖北输出货运量最多的省份（直辖市）位于湖北以	东,None,,12,,,接受 湖北 输出 货运量 最 多 的 省份 （ 直辖市 ） 位于 湖北以东,接受 湖北 输出 货运量 最 多 的 省份 （ 直辖市 ） 位于 湖北 以东,VV NR NN NN AD VA DEC NN PU NN PU VV loc,,位于_0（接受湖北输出货运量最多的省份直辖市，湖北以东）,位于_0（接受湖北输出货运量最多的省份直辖市，湖北以东）,0_11,0_11,位于,位于,,12,接受 湖北 输出 货运量 最 多 的 省份 （ 直辖市 ） 位于 湖北 以东,接受 湖北 输出 货运量 最 多 的 省份 （ 直辖市 ） 位于 湖北 以东,VV NR NN NN AD VA DEC NN PU NN PU VV loc,( (IP (NP (NP (CP (IP (VP (VP (VV 接受) (NP (NP (NR 湖北)) (NP (NN 输出) (NN 货运量)))) (VP (ADVP (AD 最)) (VP (VA 多))))) (DEC 的)) (NP (NN 省份))) (NP (PU （) (NN 直辖市) (PU ）))) (VP (VV 位于) (NP (NR 湖北以东)))) )
10-D,接受湖北输出货运量最多的省份（直辖市）位于湖北以	西,None,,12,,,接受 湖北 输出 货运量 最 多 的 省份 （ 直辖市 ） 位于 湖北以西,接受 湖北 输出 货运量 最 多 的 省份 （ 直辖市 ） 位于 湖北 以西,VV NR NN NN AD VA DEC NN PU NN PU VV loc,,位于_0（接受湖北输出货运量最多的省份直辖市，湖北以西）,位于_0（接受湖北输出货运量最多的省份直辖市，湖北以西）,0_11,0_11,位于,位于,,12,接受 湖北 输出 货运量 最 多 的 省份 （ 直辖市 ） 位于 湖北 以西,接受 湖北 输出 货运量 最 多 的 省份 （ 直辖市 ） 位于 湖北 以西,VV NR NN NN AD VA DEC NN PU NN PU VV loc,( (IP (NP (NP (CP (IP (VP (VP (VV 接受) (NP (NP (NR 湖北)) (NP (NN 输出) (NN 货运量)))) (VP (ADVP (AD 最)) (VP (VA 多))))) (DEC 的)) (NP (NN 省份))) (NP (PU （) (NN 直辖市) (PU ）))) (VP (VV 位于) (NP (NR 湖北以西)))) )
11-A,承担由邻省（直辖市）输入湖北的货运量最大的铁路线是	京沪线、京广线,None,,7 15 17,,,承担 由 邻省 （ 直辖市 ） 输入 湖北 的 货运量 最 大 的 铁路线 是 京沪线 、 京广线,承担 由 邻省 （ 直辖市 ） 输入 湖北 的 货运量 最 大 的 铁路线 是 京沪线 、 京广线,VV P NN PU NN PU VV loc DEG NN AD VA DEC NN VC loc PU loc,,匹配_0（承担由邻省直辖市输入湖北的货运量最大的铁路线，京沪线、京广线）,匹配_0（承担由邻省直辖市输入湖北的货运量最大的铁路线，京沪线、京广线）,0_14,0_14,匹配,匹配,,,承担 由 邻省 （ 直辖市 ） 输入 湖北 的 货运量 最 大 的 铁路线 是 京沪线 、 京广 线,承担 由 邻省 （ 直辖市 ） 输入 湖北 的 货运量 最 大 的 铁路线 是 京沪线 、 京广 线,VV P NN PU NN PU VV loc DEG NN AD VA DEC NN VC NN PU NN,( (IP (IP (VP (VV 承担) (NP (CP (IP (VP (VP (PP (P 由) (NP (NN 邻省) (PU （) (NN 直辖市))) (PU ）) (VP (VV 输入) (NP (DNP (NP (NR 湖北)) (DEG 的)) (NP (NN 货运量))))) (VP (ADVP (AD 最)) (VP (VA 大))))) (DEC 的)) (NP (NN 铁路线))))) (VP (VC 是) (NP (NR 京沪线) (PU 、) (NR 京广线)))) )
11-B,承担由邻省（直辖市）输入湖北的货运量最大的铁路线是	京广线、焦枝线,None,,7 15 17,,,承担 由 邻省 （ 直辖市 ） 输入 湖北 的 货运量 最 大 的 铁路线 是 京广线 、 焦枝线,承担 由 邻省 （ 直辖市 ） 输入 湖北 的 货运量 最 大 的 铁路线 是 京广线 、 焦枝线,VV P NN PU NN PU VV loc DEG NN AD VA DEC NN VC loc PU loc,,匹配_0（承担由邻省直辖市输入湖北的货运量最大的铁路线，京广线、焦枝线）,匹配_0（承担由邻省直辖市输入湖北的货运量最大的铁路线，京广线、焦枝线）,0_14,0_14,匹配,匹配,,,承担 由 邻省 （ 直辖市 ） 输入 湖北 的 货运量 最 大 的 铁路线 是 京广线 、 焦枝 线,承担 由 邻省 （ 直辖市 ） 输入 湖北 的 货运量 最 大 的 铁路线 是 京广线 、 焦枝 线,VV P NN PU NN PU VV loc DEG NN AD VA DEC NN VC NN PU NN,( (IP (IP (VP (VV 承担) (NP (CP (IP (VP (VP (PP (P 由) (NP (NN 邻省) (PU （) (NN 直辖市))) (PU ）) (VP (VV 输入) (NP (DNP (NP (NR 湖北)) (DEG 的)) (NP (NN 货运量))))) (VP (ADVP (AD 最)) (VP (VA 大))))) (DEC 的)) (NP (NN 铁路线))))) (VP (VC 是) (NP (NR 京广线) (PU 、) (NR 焦枝线)))) )
11-C,承担由邻省（直辖市）输入湖北的货运量最大的铁路线是	京九线、枝柳线,None,,7 15 17,,,承担 由 邻省 （ 直辖市 ） 输入 湖北 的 货运量 最 大 的 铁路线 是 京九线 、 枝柳线,承担 由 邻省 （ 直辖市 ） 输入 湖北 的 货运量 最 大 的 铁路线 是 京九线 、 枝柳线,VV P NN PU NN PU VV loc DEG NN AD VA DEC NN VC loc PU loc,,匹配_0（承担由邻省直辖市输入湖北的货运量最大的铁路线，京九线、枝柳线）,匹配_0（承担由邻省直辖市输入湖北的货运量最大的铁路线，京九线、枝柳线）,0_14,0_14,匹配,匹配,,,承担 由 邻省 （ 直辖市 ） 输入 湖北 的 货运量 最 大 的 铁路线 是 京九线 、 枝柳线,承担 由 邻省 （ 直辖市 ） 输入 湖北 的 货运量 最 大 的 铁路线 是 京九线 、 枝柳线,VV P NN PU NN PU VV loc DEG NN AD VA DEC NN VC NN PU NN,( (IP (IP (VP (VV 承担) (NP (CP (IP (VP (VP (PP (P 由) (NP (NN 邻省) (PU （) (NN 直辖市))) (PU ）) (VP (VV 输入) (NP (DNP (NP (NR 湖北)) (DEG 的)) (NP (NN 货运量))))) (VP (ADVP (AD 最)) (VP (VA 大))))) (DEC 的)) (NP (NN 铁路线))))) (VP (VC 是) (NP (NR 京九线) (PU 、) (NR 枝柳线)))) )
11-D,承担由邻省（直辖市）输入湖北的货运量最大的铁路线是	陇海线、焦枝线,None,,7 15 17,,,承担 由 邻省 （ 直辖市 ） 输入 湖北 的 货运量 最 大 的 铁路线 是 陇海线 、 焦枝线,承担 由 邻省 （ 直辖市 ） 输入 湖北 的 货运量 最 大 的 铁路线 是 陇海线 、 焦枝线,VV P NN PU NN PU VV loc DEG NN AD VA DEC NN VC loc PU loc,,匹配_0（承担由邻省直辖市输入湖北的货运量最大的铁路线，陇海线、焦枝线）,匹配_0（承担由邻省直辖市输入湖北的货运量最大的铁路线，陇海线、焦枝线）,0_14,0_14,匹配,匹配,,,承担 由 邻省 （ 直辖市 ） 输入 湖北 的 货运量 最 大 的 铁路线 是 陇海线 、 焦枝 线,承担 由 邻省 （ 直辖市 ） 输入 湖北 的 货运量 最 大 的 铁路线 是 陇海线 、 焦枝 线,VV P NN PU NN PU VV loc DEG NN AD VA DEC NN VC NN PU NN,( (IP (IP (VP (VV 承担) (NP (CP (IP (VP (VP (PP (P 由) (NP (NN 邻省) (PU （) (NN 直辖市))) (PU ）) (VP (VV 输入) (NP (DNP (NP (NR 湖北)) (DEG 的)) (NP (NN 货运量))))) (VP (ADVP (AD 最)) (VP (VA 大))))) (DEC 的)) (NP (NN 铁路线))))) (VP (VC 是) (NP (NR 陇海线) (PU 、) (NR 焦枝线)))) )
