编号,文本,拆分信息,时间,地点,术语,数量词,（粗粒度）分词,（细粒度）分词,词性,成分分析,简化模板,完整模板,简化模板线索词,完整模板线索词,简化模板类型,完整模板类型,（auto）时间,（auto）地点,（auto粗粒度）分词,（auto细粒度）分词,（auto）词性,（auto）成分分析
1-A,图中指示山脊和山谷的分别是	①和②,None,,,3 5,,图 中 指示 山脊 和 山谷 的 分别 是 ① 和 ②,图 中 指示 山脊 和 山谷 的 分别 是 ① 和 ②,NN LC VV term CC term DEG AD VC NN CC NN,,匹配_0（山脊，①）匹配_1（山谷，②）,匹配_0（山脊，①）匹配_1（山谷，②）,0_7-8 1_7-8,0_7-8 1_7-8,匹配 匹配,匹配 匹配,,,图 中 指示 山脊 和 山谷 的 分别 是 ① 和 ②,图 中 指示 山脊 和 山谷 的 分别 是 ① 和 ②,NN LC VV term CC term DEG AD VC NN CC NN,( (IP (NP (CP (IP (VP (LCP (NP (NN 图)) (LC 中)) (VP (VV 指示) (NP (NN 山脊) (CC 和) (NN 山谷))))) (DEG 的))) (VP (ADVP (AD 分别)) (VP (VC 是) (NP (NN ①) (CC 和) (NN ②))))) )
1-B,图中指示山脊和山谷的分别是	②和③,None,,,3 5,,图 中 指示 山脊 和 山谷 的 分别 是 ② 和 ③,图 中 指示 山脊 和 山谷 的 分别 是 ② 和 ③,NN LC VV term CC term DEG AD VC NN CC NN,,匹配_0（山脊，②）匹配_1（山谷，③）,匹配_0（山脊，②）匹配_1（山谷，③）,0_7-8 1_7-8,0_7-8 1_7-8,匹配 匹配,匹配 匹配,,,图 中 指示 山脊 和 山谷 的 分别 是 ② 和 ③,图 中 指示 山脊 和 山谷 的 分别 是 ② 和 ③,NN LC VV term CC term DEG AD VC NN CC NN,( (IP (NP (CP (IP (VP (LCP (NP (NN 图)) (LC 中)) (VP (VV 指示) (NP (NN 山脊) (CC 和) (NN 山谷))))) (DEG 的))) (VP (ADVP (AD 分别)) (VP (VC 是) (NP (NN ②) (CC 和) (NN ③))))) )
1-C,图中指示山脊和山谷的分别是	③和④,None,,,3 5,,图 中 指示 山脊 和 山谷 的 分别 是 ③ 和 ④,图 中 指示 山脊 和 山谷 的 分别 是 ③ 和 ④,NN LC VV term CC term DEG AD VC NN CC NN,,匹配_0（山脊，③）匹配_1（山谷，④）,匹配_0（山脊，③）匹配_1（山谷，④）,0_7-8 1_7-8,0_7-8 1_7-8,匹配 匹配,匹配 匹配,,,图 中 指示 山脊 和 山谷 的 分别 是 ③ 和 ④,图 中 指示 山脊 和 山谷 的 分别 是 ③ 和 ④,NN LC VV term CC term DEG AD VC NN CC NN,( (IP (NP (CP (IP (VP (LCP (NP (NN 图)) (LC 中)) (VP (VV 指示) (NP (NN 山脊) (CC 和) (NN 山谷))))) (DEG 的))) (VP (ADVP (AD 分别)) (VP (VC 是) (NP (NN ③) (CC 和) (NN ④))))) )
1-D,图中指示山脊和山谷的分别是	④和⑤,None,,,3 5,,图 中 指示 山脊 和 山谷 的 分别 是 ④ 和 ⑤,图 中 指示 山脊 和 山谷 的 分别 是 ④ 和 ⑤,NN LC VV term CC term DEG AD VC NN CC NN,,匹配_0（山脊，④）匹配_1（山谷，⑤）,匹配_0（山脊，④）匹配_1（山谷，⑤）,0_7-8 1_7-8,0_7-8 1_7-8,匹配 匹配,匹配 匹配,,,图 中 指示 山脊 和 山谷 的 分别 是 ④ 和 ⑤,图 中 指示 山脊 和 山谷 的 分别 是 ④ 和 ⑤,NN LC VV term CC term DEG AD VC NN CC NN,( (IP (NP (CP (IP (VP (LCP (NP (NN 图)) (LC 中)) (VP (VV 指示) (NP (NN 山脊) (CC 和) (NN 山谷))))) (DEG 的))) (VP (ADVP (AD 分别)) (VP (VC 是) (NP (NN ④) (CC 和) (NN ⑤))))) )
2-A,八达岭地区花岗岩从形成到出露所经历的地质过程依次是	固结成岩—风化剥蚀—侵蚀搬运—地壳抬升,None,,0,1 9 13 15 17 19,,八达岭地区 花岗岩 从 形成 到 出露 所 经历 的 地质 过程 依次 是 固结成岩 — 风化剥蚀 — 侵蚀搬运 — 地壳抬升,八达岭 地区 花岗岩 从 形成 到 出露 所 经历 的 地质 过程 依次 是 固结 成岩 — 风化 剥蚀 — 侵蚀 搬运 — 地壳 抬升,loc term P VV P VV MSP VV DEC term NN AD VC term PU term PU term PU term,,实体信息陈述_0（八达岭地区花岗岩，从形成到出露所经历的地质过程，固结成岩—风化剥蚀—侵蚀搬运—地壳抬升）,实体信息陈述_0（八达岭地区花岗岩，从形成到出露所经历的地质过程，列表_1（固结成岩，风化剥蚀，侵蚀搬运，地壳抬升））,0_12,0_12 1_14-16-18,实体信息陈述,实体信息陈述,,15 17,八达岭 地区 花岗岩 从 形成 到 出露所 经历 的 地质 过程 依次 是 固结成岩 — 风化 剥蚀 — 侵蚀 搬运 — 地壳 抬升,八达岭 地区 花岗岩 从 形成 到 出露所 经历 的 地质 过程 依次 是 固结成岩 — 风化 剥蚀 — 侵蚀 搬运 — 地壳 抬升,NR term P VV P VV MSP VV DEC term NN AD VC term PU term PU term PU term,( (IP (NP (NR 八达岭地区) (NN 花岗岩)) (VP (PP (P 从) (IP (VP (VV 形成) (NP (CP (IP (VP (PP (P 到) (IP (VP (VV 出露)))) (VP (MSP 所) (VP (VV 经历))))) (DEC 的)) (NP (NN 地质) (NN 过程)))))) (ADVP (AD 依次)) (VP (VC 是) (NP (NN 固结成岩) (PU —) (NN 风化剥蚀) (PU —) (NN 侵蚀搬运) (PU —) (NN 地壳抬升))))) )
2-B,八达岭地区花岗岩从形成到出露所经历的地质过程依次是	地壳抬升—侵蚀搬运—岩浆侵入—风化剥蚀,None,,0,1 9 13 15 17 19,,八达岭地区 花岗岩 从 形成 到 出露 所 经历 的 地质 过程 依次 是 地壳抬升 — 侵蚀搬运 — 岩浆侵入 — 风化剥蚀,八达岭 地区 花岗岩 从 形成 到 出露 所 经历 的 地质 过程 依次 是 地壳 抬升 — 侵蚀 搬运 — 岩浆 侵入 — 风化 剥蚀,loc term P VV P VV MSP VV DEC term NN AD VC term PU term PU term PU term,,实体信息陈述_0（八达岭地区花岗岩，从形成到出露所经历的地质过程，地壳抬升—侵蚀搬运—岩浆侵入—风化剥蚀）,实体信息陈述_0（八达岭地区花岗岩，从形成到出露所经历的地质过程，列表_1（地壳抬升，侵蚀搬运，岩浆侵入，风化剥蚀））,0_12,0_12 1_14-16-18,实体信息陈述,实体信息陈述,,15 17,八达岭 地区 花岗岩 从 形成 到 出露所 经历 的 地质 过程 依次 是 地壳 抬升 — 侵蚀 搬运 — 岩浆侵入 — 风化 剥蚀,八达岭 地区 花岗岩 从 形成 到 出露所 经历 的 地质 过程 依次 是 地壳 抬升 — 侵蚀 搬运 — 岩浆侵入 — 风化 剥蚀,NR term P VV P VV MSP VV DEC term NN AD VC term PU term PU term PU term,( (IP (NP (NR 八达岭地区) (NN 花岗岩)) (VP (PP (P 从) (IP (VP (VV 形成) (NP (CP (IP (VP (PP (P 到) (IP (VP (VV 出露)))) (VP (MSP 所) (VP (VV 经历))))) (DEC 的)) (NP (NN 地质) (NN 过程)))))) (ADVP (AD 依次)) (VP (VC 是) (NP (NN 地壳抬升) (PU —) (NN 侵蚀搬运) (PU —) (NN 岩浆侵入) (PU —) (NN 风化剥蚀))))) )
2-C,八达岭地区花岗岩从形成到出露所经历的地质过程依次是	岩浆侵入—地壳抬升—风化剥蚀—侵蚀搬运,None,,0,1 9 13 15 17 19,,八达岭地区 花岗岩 从 形成 到 出露 所 经历 的 地质 过程 依次 是 岩浆侵入 — 地壳抬升 — 风化剥蚀 — 侵蚀搬运,八达岭 地区 花岗岩 从 形成 到 出露 所 经历 的 地质 过程 依次 是 岩浆 侵入 — 地壳 抬升 — 风化 剥蚀 — 侵蚀 搬运,loc term P VV P VV MSP VV DEC term NN AD VC term PU term PU term PU term,,实体信息陈述_0（八达岭地区花岗岩，从形成到出露所经历的地质过程，岩浆侵入—地壳抬升—风化剥蚀—侵蚀搬运）,实体信息陈述_0（八达岭地区花岗岩，从形成到出露所经历的地质过程，列表_1（岩浆侵入，地壳抬升，风化剥蚀，侵蚀搬运））,0_12,0_12 1_14-16-18,实体信息陈述,实体信息陈述,,15 17,八达岭 地区 花岗岩 从 形成 到 出露所 经历 的 地质 过程 依次 是 岩浆侵入 — 地壳 抬升 — 风化 剥蚀 — 侵蚀 搬运,八达岭 地区 花岗岩 从 形成 到 出露所 经历 的 地质 过程 依次 是 岩浆侵入 — 地壳 抬升 — 风化 剥蚀 — 侵蚀 搬运,NR term P VV P VV MSP VV DEC term NN AD VC term PU term PU term PU term,( (IP (NP (NR 八达岭地区) (NN 花岗岩)) (VP (PP (P 从) (IP (VP (VV 形成) (NP (CP (IP (VP (PP (P 到) (IP (VP (VV 出露)))) (VP (MSP 所) (VP (VV 经历))))) (DEC 的)) (NP (NN 地质) (NN 过程)))))) (ADVP (AD 依次)) (VP (VC 是) (NP (NN 岩浆侵入) (PU —) (NN 地壳抬升) (PU —) (NN 风化剥蚀) (PU —) (NN 侵蚀搬运))))) )
2-D,八达岭地区花岗岩从形成到出露所经历的地质过程依次是	侵蚀搬运—岩浆侵入—地壳抬升—固结成岩,None,,0,1 9 13 15 17 19,,八达岭地区 花岗岩 从 形成 到 出露 所 经历 的 地质 过程 依次 是 侵蚀搬运 — 岩浆侵入 — 地壳抬升 — 固结成岩,八达岭 地区 花岗岩 从 形成 到 出露 所 经历 的 地质 过程 依次 是 侵蚀 搬运 — 岩浆 侵入 — 地壳 抬升 — 固结 成岩,loc term P VV P VV MSP VV DEC term NN AD VC term PU term PU term PU term,,实体信息陈述_0（八达岭地区花岗岩，从形成到出露所经历的地质过程，侵蚀搬运—岩浆侵入—地壳抬升—固结成岩）,实体信息陈述_0（八达岭地区花岗岩，从形成到出露所经历的地质过程，列表_1（侵蚀搬运，岩浆侵入，地壳抬升，固结成岩））,0_12,0_12 1_14-16-18,实体信息陈述,实体信息陈述,,15 17,八达岭 地区 花岗岩 从 形成 到 出露所 经历 的 地质 过程 依次 是 侵蚀 搬运 — 岩浆侵入 — 地壳 抬升 — 固结成岩,八达岭 地区 花岗岩 从 形成 到 出露所 经历 的 地质 过程 依次 是 侵蚀 搬运 — 岩浆侵入 — 地壳 抬升 — 固结成岩,NR term P VV P VV MSP VV DEC term NN AD VC term PU term PU term PU term,( (IP (NP (NR 八达岭地区) (NN 花岗岩)) (VP (PP (P 从) (IP (VP (VV 形成) (NP (CP (IP (VP (PP (P 到) (IP (VP (VV 出露)))) (VP (MSP 所) (VP (VV 经历))))) (DEC 的)) (NP (NN 地质) (NN 过程)))))) (ADVP (AD 依次)) (VP (VC 是) (NP (NN 侵蚀搬运) (PU —) (NN 岩浆侵入) (PU —) (NN 地壳抬升) (PU —) (NN 固结成岩))))) )
3-A,经纬网的纬线间距为	3°,None,,,0 2,5,经纬网 的 纬线 间距 为 3°,经纬网 的 纬线 间距 为 3°,term DEG term NN VC num,,实体信息陈述_0（经纬网，纬线间距，3°）,实体信息陈述_0（经纬网，纬线间距，3°）,0_1-4,0_1-4,实体信息陈述,实体信息陈述,,,经纬网 的 纬线 间距 为 3°,经纬网 的 纬线 间距 为 3°,term DEG term NN VC num,( (IP (NP (DNP (NP (NN 经纬网)) (DEG 的)) (NP (NN 纬线) (NN 间距))) (VP (VC 为) (QP (CD 3°)))) )
3-B,经纬网的纬线间距为	5°,None,,,0 2,5,经纬网 的 纬线 间距 为 5°,经纬网 的 纬线 间距 为 5°,term DEG term NN VC num,,实体信息陈述_0（经纬网，纬线间距，5°）,实体信息陈述_0（经纬网，纬线间距，5°）,0_1-4,0_1-4,实体信息陈述,实体信息陈述,,,经纬网 的 纬线 间距 为 5°,经纬网 的 纬线 间距 为 5°,term DEG term NN VC num,( (IP (NP (DNP (NP (NN 经纬网)) (DEG 的)) (NP (NN 纬线) (NN 间距))) (VP (VC 为) (QP (CD 5°)))) )
3-C,经纬网的纬线间距为	8°,None,,,0 2,5,经纬网 的 纬线 间距 为 8°,经纬网 的 纬线 间距 为 8°,term DEG term NN VC num,,实体信息陈述_0（经纬网，纬线间距，8°）,实体信息陈述_0（经纬网，纬线间距，8°）,0_1-4,0_1-4,实体信息陈述,实体信息陈述,,,经纬网 的 纬线 间距 为 8°,经纬网 的 纬线 间距 为 8°,term DEG term NN VC num,( (IP (NP (DNP (NP (NN 经纬网)) (DEG 的)) (NP (NN 纬线) (NN 间距))) (VP (VC 为) (QP (CD 8°)))) )
3-D,经纬网的纬线间距为	10°,None,,,0 2,5,经纬网 的 纬线 间距 为 10°,经纬网 的 纬线 间距 为 10°,term DEG term NN VC num,,实体信息陈述_0（经纬网，纬线间距，10°）,实体信息陈述_0（经纬网，纬线间距，10°）,0_1-4,0_1-4,实体信息陈述,实体信息陈述,,,经纬网 的 纬线 间距 为 10°,经纬网 的 纬线 间距 为 10°,term DEG term NN VC num,( (IP (NP (DNP (NP (NN 经纬网)) (DEG 的)) (NP (NN 纬线) (NN 间距))) (VP (VC 为) (QP (CD 10°)))) )
4-A,图上标出的经纬网格区中	②与③都处于暖温带,None,,,4 12,,图 上 标出 的 经纬网 格区 中 ② 与 ③ 都 处于 暖温带,图 上 标出 的 经纬网 格区 中 ② 与 ③ 都 处于 暖温带,NN LC VV DEC term NN LC NN CC NN AD VV term,,位于_0（②与③，暖温带）,位于_0（集合_1（②，③），暖温带）,0_11,0_11,位于,位于,,,图 上 标出 的 经纬网 格区 中 ② 与 ③ 都 处于 暖温带,图 上 标出 的 经纬网 格区 中 ② 与 ③ 都 处于 暖温带,NN LC VV DEC term NN LC VV CC NN AD VV term,( (IP (LCP (NP (CP (IP (VP (LCP (NP (NN 图)) (LC 上)) (VP (VV 标出)))) (DEC 的)) (NP (NN 经纬网) (NN 格区))) (LC 中)) (NP (NN ②) (CC 与) (NN ③)) (VP (ADVP (AD 都)) (VP (VV 处于) (NP (NN 暖温带))))) )
4-B,图上标出的经纬网格区中	随地球自转，③的角速度比④小,n,,,4 9,,图 上 标出 的 经纬网 格区 中 随 地球 自转 ， ③ 的 角速度 比 ④ 小,图 上 标出 的 经纬网 格区 中 随 地球 自转 ， ③ 的 角速度 比 ④ 小,NN LC VV DEC term NN LC P NN term PU NN DEG NN P NN VA,,比较_0（③，④，角速度，小）,比较_0（③，④，角速度，小）,0_14,0_14,比较,比较,,,图 上 标出 的 经纬网 格区 中 随地 球 自转 ， ③ 的 角速度 比 ④ 小,图 上 标出 的 经纬网 格区 中 随地 球 自转 ， ③ 的 角速度 比 ④ 小,NN LC VV DEC term NN LC VV NN term PU NR DEG NN P NN VA,( (IP (LCP (NP (CP (IP (VP (LCP (NP (NN 图)) (LC 上)) (VP (VV 标出)))) (DEC 的)) (NP (NN 经纬网) (NN 格区))) (LC 中)) (PP (P 随) (NP (NN 地球) (NN 自转))) (PU ，) (NP (DNP (NP (NN ③)) (DEG 的)) (NP (NN 角速度))) (VP (PP (P 比) (NP (NN ④))) (VP (VA 小)))) )
4-C,图上标出的经纬网格区中	从春分到夏至，①比④的昼长变化幅度大,n,7,,4 13,,图 上 标出 的 经纬网 格区 中 从春分到夏至 ， ① 比 ④ 的 昼长 变化 幅度 大,图 上 标出 的 经纬网 格区 中 从 春分 到 夏至 ， ① 比 ④ 的 昼长 变化 幅度 大,NN LC VV DEC term NN LC time PU NN P NN DEG term NN NN VA,,时间限定_0（从春分到夏至）比较_1（①，④，昼长变化幅度，大）,时间限定_0（从春分到夏至）比较_1（①，④，昼长变化幅度，大）,0_7 1_10,0_7 1_10,时间限定 比较,时间限定 比较,7,,图 上 标出 的 经纬网 格区 中 从春分到夏至 ， ① 比 ④ 的 昼长 变化 幅度 大,图 上 标出 的 经纬网 格区 中 从 春分 到 夏至 ， ① 比 ④ 的 昼长 变化 幅度 大,NN LC VV DEC term NN LC time PU AD P NR DEG term NN NN JJ,( (IP (LCP (NP (CP (IP (VP (LCP (NP (NN 图)) (LC 上)) (VP (VV 标出)))) (DEC 的)) (NP (NN 经纬网) (NN 格区))) (LC 中)) (NP (NT 从春分到夏至)) (PU ，) (NP (NN ①)) (VP (PP (P 比) (NP (DNP (NP (NN ④)) (DEG 的)) (NP (NN 昼长) (NN 变化) (NN 幅度)))) (VP (VA 大)))) )
4-D,图上标出的经纬网格区中	从夏至到秋分，②比⑤的正午太阳高度角变化幅度大,n,7,,4 13,,图 上 标出 的 经纬网 格区 中 从夏至到秋分 ， ② 比 ⑤ 的 正午太阳高度角 变化 幅度 大,图 上 标出 的 经纬网 格区 中 从 夏至 到 秋分 ， ② 比 ⑤ 的 正午 太阳 高度 角 变化 幅度 大,NN LC VV DEC term NN LC time PU NN P NN DEG term NN NN VA,,时间限定_0（从夏至到秋分）比较_1（②，⑤，正午太阳高度角变化幅度，大）,时间限定_0（从夏至到秋分）比较_1（②，⑤，正午太阳高度角变化幅度，大）,0_7 1_10,0_7 1_10,时间限定 比较,时间限定 比较,7,,图 上 标出 的 经纬网 格区 中 从夏至到秋分 ， ② 比 ⑤ 的 正午太阳高度角 变化 幅度 大,图 上 标出 的 经纬网 格区 中 从 夏至 到 秋分 ， ② 比 ⑤ 的 正午太阳高度角 变化 幅度 大,NN LC VV DEC term NN LC time PU AD P NR DEG JJ NN NN JJ,( (IP (LCP (NP (CP (IP (VP (LCP (NP (NN 图)) (LC 上)) (VP (VV 标出)))) (DEC 的)) (NP (NN 经纬网) (NN 格区))) (LC 中)) (NP (NT 从夏至到秋分)) (PU ，) (NP (NN ②)) (VP (PP (P 比) (NP (DNP (NP (NN ⑤)) (DEG 的)) (NP (NN 正午太阳高度角) (NN 变化) (NN 幅度)))) (VP (VA 大)))) )
5-A,人口密度差值最大的两个网格区是	①和④,None,,,,,人口 密度 差值 最 大 的 两 个 网格区 是 ① 和 ④,人口 密度 差值 最 大 的 两 个 网格区 是 ① 和 ④,NN NN NN AD VA DEC CD M NN VC NN CC NN,,最值_0（①和④，人口密度差值，大）,最值_0（集合_1（①，④），人口密度差值，大）,0_3,0_3,最值,最值,,,人口 密度 差值 最 大 的 两 个 网格区 是 ① 和 ④,人口 密度 差值 最 大 的 两 个 网格区 是 ① 和 ④,NN NN NN AD VA DEC CD M NN VC NN CC NN,( (IP (NP (CP (IP (NP (NN 人口) (NN 密度)) (NP (NN 差值)) (VP (ADVP (AD 最)) (VP (VA 大)))) (DEC 的)) (QP (CD 两) (CLP (M 个))) (NP (NN 网格区))) (VP (VC 是) (NP (NN ①) (CC 和) (NN ④)))) )
5-B,人口密度差值最大的两个网格区是	②和③,None,,,,,人口 密度 差值 最 大 的 两 个 网格区 是 ② 和 ③,人口 密度 差值 最 大 的 两 个 网格区 是 ② 和 ③,NN NN NN AD VA DEC CD M NN VC NN CC NN,,最值_0（②和③，人口密度差值，大）,最值_0（集合_1（②，③），人口密度差值，大）,0_3,0_3,最值,最值,,,人口 密度 差值 最 大 的 两 个 网格区 是 ② 和 ③,人口 密度 差值 最 大 的 两 个 网格区 是 ② 和 ③,NN NN NN AD VA DEC CD M NN VC NN CC NN,( (IP (NP (CP (IP (NP (NN 人口) (NN 密度)) (NP (NN 差值)) (VP (ADVP (AD 最)) (VP (VA 大)))) (DEC 的)) (QP (CD 两) (CLP (M 个))) (NP (NN 网格区))) (VP (VC 是) (NP (NN ②) (CC 和) (NN ③)))) )
5-C,人口密度差值最大的两个网格区是	③和⑤,None,,,,,人口 密度 差值 最 大 的 两 个 网格区 是 ③ 和 ⑤,人口 密度 差值 最 大 的 两 个 网格区 是 ③ 和 ⑤,NN NN NN AD VA DEC CD M NN VC NN CC NN,,最值_0（③和⑤，人口密度差值，大）,最值_0（集合_1（③，⑤），人口密度差值，大）,0_3,0_3,最值,最值,,,人口 密度 差值 最 大 的 两 个 网格区 是 ③ 和 ⑤,人口 密度 差值 最 大 的 两 个 网格区 是 ③ 和 ⑤,NN NN NN AD VA DEC CD M NN VC NN CC NN,( (IP (NP (CP (IP (NP (NN 人口) (NN 密度)) (NP (NN 差值)) (VP (ADVP (AD 最)) (VP (VA 大)))) (DEC 的)) (QP (CD 两) (CLP (M 个))) (NP (NN 网格区))) (VP (VC 是) (NP (NN ③) (CC 和) (NN ⑤)))) )
5-D,人口密度差值最大的两个网格区是	④和⑤,None,,,,,人口 密度 差值 最 大 的 两 个 网格区 是 ④ 和 ⑤,人口 密度 差值 最 大 的 两 个 网格区 是 ④ 和 ⑤,NN NN NN AD VA DEC CD M NN VC NN CC NN,,最值_0（④和⑤，人口密度差值，大）,最值_0（集合_1（④，⑤），人口密度差值，大）,0_3,0_3,最值,最值,,,人口 密度 差值 最 大 的 两 个 网格区 是 ④ 和 ⑤,人口 密度 差值 最 大 的 两 个 网格区 是 ④ 和 ⑤,NN NN NN AD VA DEC CD M NN VC NN CC NN,( (IP (NP (CP (IP (NP (NN 人口) (NN 密度)) (NP (NN 差值)) (VP (ADVP (AD 最)) (VP (VA 大)))) (DEC 的)) (QP (CD 两) (CLP (M 个))) (NP (NN 网格区))) (VP (VC 是) (NP (NN ④) (CC 和) (NN ⑤)))) )
6-A,从地形和降水条件分析，最易发生泥石流的网格区是	①,None,,,10,,从 地形 和 降水 条件 分析 ， 最 易 发生 泥石流 的 网格区 是 ①,从 地形 和 降水 条件 分析 ， 最 易 发生 泥石流 的 网格区 是 ①,P NN CC NN NN VV PU AD VA VV term DEC NN VC NN,,最值_0（①，发生泥石流，易）,最值_0（①，发生泥石流，易）,0_7,0_7,最值,最值,,,从 地形 和 降水 条件 分析 ， 最 易 发生 泥石流 的 网格区 是 ①,从 地形 和 降水 条件 分析 ， 最 易 发生 泥石流 的 网格区 是 ①,P NN CC NN NN VV PU AD VA VV term DEG NN VC NN,( (IP (VP (PP (P 从) (NP (NN 地形) (CC 和) (NN 降水) (NN 条件))) (VP (VV 分析) (PU ，) (IP (NP (CP (IP (VP (ADVP (AD 最)) (VP (VA 易) (IP (VP (VV 发生) (NP (NN 泥石流))))))) (DEC 的)) (NP (NN 网格区))) (VP (VC 是) (NP (NN ①))))))) )
6-B,从地形和降水条件分析，最易发生泥石流的网格区是	②,None,,,10,,从 地形 和 降水 条件 分析 ， 最 易 发生 泥石流 的 网格区 是 ②,从 地形 和 降水 条件 分析 ， 最 易 发生 泥石流 的 网格区 是 ②,P NN CC NN NN VV PU AD VA VV term DEC NN VC NN,,最值_0（②，发生泥石流，易）,最值_0（②，发生泥石流，易）,0_7,0_7,最值,最值,,,从 地形 和 降水 条件 分析 ， 最 易 发生 泥石流 的 网格区 是 ②,从 地形 和 降水 条件 分析 ， 最 易 发生 泥石流 的 网格区 是 ②,P NN CC NN NN VV PU AD VA VV term DEG NN VC NN,( (IP (VP (PP (P 从) (NP (NN 地形) (CC 和) (NN 降水) (NN 条件))) (VP (VV 分析) (PU ，) (IP (NP (CP (IP (VP (ADVP (AD 最)) (VP (VA 易) (IP (VP (VV 发生) (NP (NN 泥石流))))))) (DEC 的)) (NP (NN 网格区))) (VP (VC 是) (NP (NN ②))))))) )
6-C,从地形和降水条件分析，最易发生泥石流的网格区是	④,None,,,10,,从 地形 和 降水 条件 分析 ， 最 易 发生 泥石流 的 网格区 是 ④,从 地形 和 降水 条件 分析 ， 最 易 发生 泥石流 的 网格区 是 ④,P NN CC NN NN VV PU AD VA VV term DEC NN VC NN,,最值_0（④，发生泥石流，易）,最值_0（④，发生泥石流，易）,0_7,0_7,最值,最值,,,从 地形 和 降水 条件 分析 ， 最 易 发生 泥石流 的 网格区 是 ④,从 地形 和 降水 条件 分析 ， 最 易 发生 泥石流 的 网格区 是 ④,P NN CC NN NN VV PU AD VA VV term DEG NN VC NN,( (IP (VP (PP (P 从) (NP (NN 地形) (CC 和) (NN 降水) (NN 条件))) (VP (VV 分析) (PU ，) (IP (NP (CP (IP (VP (ADVP (AD 最)) (VP (VA 易) (IP (VP (VV 发生) (NP (NN 泥石流))))))) (DEC 的)) (NP (NN 网格区))) (VP (VC 是) (NP (NN ④))))))) )
6-D,从地形和降水条件分析，最易发生泥石流的网格区是	⑤,None,,,10,,从 地形 和 降水 条件 分析 ， 最 易 发生 泥石流 的 网格区 是 ⑤,从 地形 和 降水 条件 分析 ， 最 易 发生 泥石流 的 网格区 是 ⑤,P NN CC NN NN VV PU AD VA VV term DEC NN VC NN,,最值_0（⑤，发生泥石流，易）,最值_0（⑤，发生泥石流，易）,0_7,0_7,最值,最值,,,从 地形 和 降水 条件 分析 ， 最 易 发生 泥石流 的 网格区 是 ⑤,从 地形 和 降水 条件 分析 ， 最 易 发生 泥石流 的 网格区 是 ⑤,P NN CC NN NN VV PU AD VA VV term DEG NN VC NN,( (IP (VP (PP (P 从) (NP (NN 地形) (CC 和) (NN 降水) (NN 条件))) (VP (VV 分析) (PU ，) (IP (NP (CP (IP (VP (ADVP (AD 最)) (VP (VA 易) (IP (VP (VV 发生) (NP (NN 泥石流))))))) (DEC 的)) (NP (NN 网格区))) (VP (VC 是) (NP (NN ⑤))))))) )
7-A,由08时到20时，图中	①地风向偏北，风力逐渐减弱,y,0,4,5,,由08时到20时 ， 图 中 ①地 风向 偏北 ， 风力 逐渐 减弱,由 08时 到 20时 ， 图 中 ①地 风向 偏北 ， 风力 逐渐 减弱,time PU NN LC loc term VA PU NN AD VV,,时间限定_0（由08时到20时）实体信息陈述_1（①地，风向，偏北）趋势_2（①地，风力，#，逐渐减弱）,时间限定_0（由08时到20时）实体信息陈述_1（①地，风向，偏北）趋势_2（①地，风力，#，逐渐减弱）,0_0 2_10,0_0 2_10,时间限定 实体信息陈述 趋势,时间限定 实体信息陈述 趋势,0 4,,由 08时到20时 ， 图 中 ①地 风向 偏北 ， 风力 逐渐 减弱,由 08时 到 20时 ， 图 中 ①地 风向 偏北 ， 风力 逐渐 减弱,time PU NN LC loc term NN PU NN AD VV,( (IP (IP (NP (NT 由08时到20时)) (PU ，) (LCP (NP (NN 图)) (LC 中)) (NP (NR ①地)) (NP (NN 风向)) (VP (VA 偏北))) (PU ，) (IP (NP (NN 风力)) (VP (ADVP (AD 逐渐)) (VP (VV 减弱))))) )
7-A-0,由08时到20时，图中	①地风向偏北,ed-ori,0,4,5,,由08时到20时 ， 图 中 ①地 风向 偏北,由 08时 到 20时 ， 图 中 ①地 风向 偏北,time PU NN LC loc term VA,,时间限定_0（由08时到20时）实体信息陈述_1（①地，风向，偏北）,时间限定_0（由08时到20时）实体信息陈述_1（①地，风向，偏北）,0_0,0_0,时间限定 实体信息陈述,时间限定 实体信息陈述,0 4,,由 08时到20时 ， 图 中 ①地 风向 偏北,由 08时 到 20时 ， 图 中 ①地 风向 偏北,time PU NN LC loc term NN,( (IP (NP (NT 由08时到20时)) (PU ，) (LCP (NP (NN 图)) (LC 中)) (NP (NR ①地)) (NP (NN 风向)) (VP (VA 偏北))) )
7-A-1,由08时到20时，图中	①地风力逐渐减弱,ed-mod,0,4,5,,由08时到20时 ， 图 中 ①地 风力 逐渐 减弱,由 08时 到 20时 ， 图 中 ①地 风力 逐渐 减弱,time PU NN LC loc term AD VV,,时间限定_0（由08时到20时）趋势_1（①地，风力，#，逐渐减弱）,时间限定_0（由08时到20时）趋势_1（①地，风力，#，逐渐减弱）,0_0 1_7,0_0 1_7,时间限定 趋势,时间限定 趋势,0 4,,由 08时到20时 ， 图 中 ①地 风力 逐渐 减弱,由 08时 到 20时 ， 图 中 ①地 风力 逐渐 减弱,time PU NN LC loc term AD VV,( (IP (NP (NT 由08时到20时)) (PU ，) (NP (LCP (NP (NN 图)) (LC 中)) (NP (NP (NR ①地)) (NP (NN 风力)))) (VP (ADVP (AD 逐渐)) (VP (VV 减弱)))) )
7-B,由08时到20时，图中	②地受高压脊控制，天气持续晴朗,y,0,4,6,,由08时到20时 ， 图 中 ②地 受 高压脊 控制 ， 天气 持续 晴朗,由 08时 到 20时 ， 图 中 ②地 受 高压脊 控制 ， 天气 持续 晴朗,time PU NN LC loc VV term NN PU NN VV VV,,时间限定_0（由08时到20时）影响_1（高压脊，②地）实体信息陈述_2（②地，天气，持续晴朗）,时间限定_0（由08时到20时）影响_1（高压脊，②地）实体信息陈述_2（②地，天气，持续晴朗）,0_0 1_5-7,0_0 1_5-7,时间限定 影响 实体信息陈述,时间限定 影响 实体信息陈述,0 4,,由 08时到20时 ， 图 中 ②地 受 高压脊 控制 ， 天气 持续 晴朗,由 08时 到 20时 ， 图 中 ②地 受 高压脊 控制 ， 天气 持续 晴朗,time PU NN LC loc VV term NN PU NN VV VV,( (IP (IP (NP (NT 由08时到20时)) (PU ，) (LCP (NP (NN 图)) (LC 中)) (NP (NR ②地)) (VP (VV 受) (NP (NN 高压脊) (NN 控制)))) (PU ，) (NP (NN 天气)) (VP (VV 持续) (VP (VV 晴朗)))) )
7-B-0,由08时到20时，图中	②地受高压脊控制,ed-ori,0,4,6,,由08时到20时 ， 图 中 ②地 受 高压脊 控制,由 08时 到 20时 ， 图 中 ②地 受 高压脊 控制,time PU NN LC loc VV term NN,,时间限定_0（由08时到20时）影响_1（高压脊，②地,时间限定_0（由08时到20时）影响_1（高压脊，②地,0_0 1_5-7,0_0 1_5-7,时间限定 影响,时间限定 影响,0 4,,由 08时到20时 ， 图 中 ②地 受 高压脊 控制,由 08时 到 20时 ， 图 中 ②地 受 高压脊 控制,time PU NN LC loc VV term NN,( (IP (NP (NT 由08时到20时)) (PU ，) (LCP (NP (NN 图)) (LC 中)) (NP (NR ②地)) (VP (VV 受) (NP (NN 高压脊) (NN 控制)))) )
7-B-1,由08时到20时，图中	②地天气持续晴朗,ed-mod,0,4,,,由08时到20时 ， 图 中 ②地 天气 持续 晴朗,由 08时 到 20时 ， 图 中 ②地 天气 持续 晴朗,time PU NN LC loc NN VV VV,,时间限定_0（由08时到20时）实体信息陈述_1（②地，天气，持续晴朗）,时间限定_0（由08时到20时）实体信息陈述_1（②地，天气，持续晴朗）,0_0,0_0,时间限定 实体信息陈述,时间限定 实体信息陈述,0 4,,由 08时到20时 ， 图 中 ②地 天气 持续 晴朗,由 08时 到 20时 ， 图 中 ②地 天气 持续 晴朗,time PU NN LC loc NN VV VV,( (IP (NP (NT 由08时到20时)) (PU ，) (NP (LCP (NP (NN 图)) (LC 中)) (NP (NR ②地)) (NP (NN 天气))) (VP (VV 持续) (VP (VV 晴朗)))) )
7-C,由08时到20时，图中	低气压中心向东北方向移动并增强,None,0,,4,,由08时到20时 ， 图 中 低气压中心 向 东北 方向 移动 并 增强,由 08时 到 20时 ， 图 中 低 气压 中心 向 东北 方向 移动 并 增强,time PU NN LC term P NN NN VV CC VV,,时间限定_0（由08时到20时）趋势_1（低气压中心，#，向东北方向，移动并增强）,时间限定_0（由08时到20时）趋势_1（低气压中心，#，向东北方向，移动并增强）,0_0 1_5-8-10,0_0 1_5-8-10,时间限定 趋势,时间限定 趋势,0,,由 08时到20时 ， 图 中 低气压中心 向 东北方 向 移动 并 增强,由 08时 到 20时 ， 图 中 低气压中心 向 东北方 向 移动 并 增强,time PU NN LC term P NN NN NN CC VV,( (IP (NP (NT 由08时到20时)) (PU ，) (NP (LCP (NP (NN 图)) (LC 中)) (NP (NN 低气压中心))) (VP (VP (PP (P 向) (NP (NN 东北) (NN 方向))) (VP (VV 移动))) (CC 并) (VP (VV 增强)))) )
7-D,由08时到20时，图中	气旋中心附近暖锋移动快于冷锋,None,0,,4 6,,由08时到20时 ， 图 中 气旋中心 附近 暖锋 移动 快于 冷锋,由 08时 到 20时 ， 图 中 气旋 中心 附近 暖锋 移动 快于 冷锋,time PU NN LC term NN term NN VV NN,,时间限定_0（由08时到20时）比较_1（气旋中心附近暖锋，冷锋，移动，快）,时间限定_0（由08时到20时）比较_1（气旋中心附近暖锋，冷锋，移动，快）,0_0 1_8,0_0 1_8,时间限定 比较,时间限定 比较,0,,由 08时到20时 ， 图 中 气旋中心 附近 暖锋 移动 快于 冷锋,由 08时 到 20时 ， 图 中 气旋中心 附近 暖锋 移动 快于 冷锋,time PU NN LC term NN term VV VV NN,( (IP (NP (NT 由08时到20时)) (PU ，) (NP (LCP (NP (NN 图)) (LC 中)) (NP (NN 气旋中心) (NN 附近)) (NP (NN 暖锋) (NN 移动))) (VP (VV 快于) (NP (NN 冷锋)))) )
8-A,乍得湖流域	河流径流量的季节变化小,None,,0,2,,乍得湖 流域 河流径流量 的 季节 变化 小,乍得湖 流域 河流 径流量 的 季节 变化 小,loc NN term DEG NN NN VA,,实体信息陈述_0（乍得湖流域河流径流量，季节变化，小）,实体信息陈述_0（乍得湖流域河流径流量，季节变化，小）,,,实体信息陈述,实体信息陈述,,,乍得湖 流域 河流 径流量 的 季节 变化 小,乍得湖 流域 河流 径流量 的 季节 变化 小,loc NN term DEG NN NN VA,( (IP (NP (DNP (NP (NP (NR 乍得湖) (NN 流域)) (NP (NN 河流径流量))) (DEG 的)) (NP (NN 季节) (NN 变化))) (VP (VA 小))) )
8-B,乍得湖流域	河水主要来源于冰雪融水,None,,0,,,乍得湖 流域 河水 主要 来源于 冰雪 融水,乍得湖 流域 河水 主要 来源于 冰雪 融水,loc NN NN AD VV NN NN,,实体信息陈述_0（乍得湖流域河水，主要来源，冰雪融水）,实体信息陈述_0（乍得湖流域河水，主要来源，冰雪融水）,,,实体信息陈述,实体信息陈述,,,乍得湖 流域 河水 主要 来源于 冰雪 融水,乍得湖 流域 河水 主要 来源于 冰雪融水,loc NN NN AD VV NN NN,( (IP (NP (NR 乍得湖) (NN 流域)) (NP (NN 河水)) (VP (ADVP (AD 主要)) (VP (VV 来源于) (NP (NN 冰雪) (NN 融水))))) )
8-C,乍得湖流域	地表径流参与海陆间水循环,None,,0,2 4,,乍得湖 流域 地表径流 参与 海陆间水循环,乍得湖 流域 地表 径流 参与 海陆 间 水循环,loc NN term VV term,,实体信息陈述_0（乍得湖流域地表径流，参与，海陆间水循环）,实体信息陈述_0（乍得湖流域地表径流，参与，海陆间水循环）,,,实体信息陈述,实体信息陈述,,,乍得湖 流域 地表径流 参与 海陆间水循环,乍得湖 流域 地表径流 参与 海陆间水循环,loc NN term VV term,( (IP (NP (NP (NR 乍得湖) (NN 流域)) (NP (NN 地表径流))) (VP (VV 参与) (NP (NN 海陆间水循环)))) )
8-D,乍得湖流域	水面蒸发参与陆地内水循环,None,,0,5,,乍得湖 流域 水面 蒸发 参与 陆地内水循环,乍得湖 流域 水面 蒸发 参与 陆地 内 水循环,loc NN NN NN VV term,,实体信息陈述_0（乍得湖流域水面蒸发，参与，陆地内水循环）,实体信息陈述_0（乍得湖流域水面蒸发，参与，陆地内水循环）,,,实体信息陈述,实体信息陈述,,,乍得湖 流域 水面 蒸发 参与 陆地 内 水循环,乍得湖 流域 水面 蒸发 参与 陆地 内 水循环,loc NN NN VV VV term,( (IP (NP (NP (NR 乍得湖) (NN 流域)) (NP (NN 水面) (NN 蒸发))) (VP (VV 参与) (NP (NN 陆地内水循环)))) )
9-A,根据图中信息可以判断	流域面积缩小,None,,,,,根据 图 中 信息 可以 判断 流域 面积 缩小,根据 图 中 信息 可以 判断 流域 面积 缩小,P NN LC NN VV VV NN NN VV,,趋势_0（流域，面积，#，缩小）,趋势_0（流域，面积，#，缩小）,0_8,0_8,趋势,趋势,,,根据 图 中 信息 可以 判断 流域 面积 缩小,根据 图 中 信息 可以 判断 流域 面积 缩小,P NN LC NN VV VV NN NN VV,( (IP (VP (PP (P 根据) (NP (LCP (NP (NN 图)) (LC 中)) (NP (NN 信息)))) (VP (VV 可以) (VP (VV 判断) (IP (NP (NN 流域) (NN 面积)) (VP (VV 缩小))))))) )
9-B,根据图中信息可以判断	湖泊水位总体下降,None,,,,,根据 图 中 信息 可以 判断 湖泊 水位 总体 下降,根据 图 中 信息 可以 判断 湖泊 水位 总体 下降,P NN LC NN VV VV NN NN NN VV,,趋势_0（湖泊，水位，#，下降）,趋势_0（湖泊，水位，#，下降）,0_9,0_9,趋势,趋势,,,根据 图 中 信息 可以 判断 湖泊 水位 总体 下降,根据 图 中 信息 可以 判断 湖泊 水位 总体 下降,P NN LC NN VV VV NN NN NN VV,( (IP (VP (PP (P 根据) (NP (LCP (NP (NN 图)) (LC 中)) (NP (NN 信息)))) (VP (VV 可以) (VP (VV 判断) (IP (NP (NN 湖泊) (NN 水位)) (VP (NP (NN 总体)) (VP (VV 下降)))))))) )
9-C,根据图中信息可以判断	流域主体位于热带荒漠,None,,,9,,根据 图 中 信息 可以 判断 流域 主体 位于 热带荒漠,根据 图 中 信息 可以 判断 流域 主体 位于 热带 荒漠,P NN LC NN VV VV NN NN VV term,,位于_0（流域主体，热带荒漠）,位于_0（流域主体，热带荒漠）,0_8,0_8,位于,位于,,9,根据 图 中 信息 可以 判断 流域 主体 位于 热带荒漠,根据 图 中 信息 可以 判断 流域 主体 位于 热带荒漠,P NN LC NN VV VV NN NN VV term,( (IP (VP (PP (P 根据) (NP (LCP (NP (NN 图)) (LC 中)) (NP (NN 信息)))) (VP (VV 可以) (VP (VV 判断) (IP (NP (NN 流域) (NN 主体)) (VP (VV 位于) (NP (NN 热带荒漠)))))))) )
9-D,根据图中信息可以判断	1963年时湖底东南高，西北低,n,6,,,,根据 图 中 信息 可以 判断 1963年 时 湖底 东南 高 ， 西北 低,根据 图 中 信息 可以 判断 1963年 时 湖底 东南 高 ， 西北 低,P NN LC NN VV VV time LC NN NN VA PU NN VA,,时间限定_0（1963年）实体信息陈述_1（湖底，东南，高）实体信息陈述_2（湖底，西北，低）,时间限定_0（1963年）实体信息陈述_1（湖底，东南，高）实体信息陈述_2（湖底，西北，低）,0_6-7,0_6-7,时间限定 实体信息陈述 实体信息陈述,时间限定 实体信息陈述 实体信息陈述,6,,根据 图 中 信息 可以 判断 1963年时 湖底 东南 高 ， 西北 低,根据 图 中 信息 可以 判断 1963年时 湖底 东南 高 ， 西北 低,P NN LC NN VV VV time LC NN NN VA PU NN VA,( (IP (IP (PP (P 根据) (LCP (IP (NP (LCP (NP (NN 图)) (LC 中)) (NP (NN 信息))) (VP (VV 可以) (VP (VV 判断) (NP (NT 1963年))))) (LC 时))) (NP (NN 湖底) (NN 东南)) (VP (VA 高))) (PU ，) (IP (NP (NN 西北)) (VP (VA 低)))) )
10-A,该城区地表温度的	高低变化与地表起伏呈正相关,None,,,,,该 城区 地表 温度 的 高低 变化 与 地表 起伏 呈 正 相关,该 城区 地表 温度 的 高低 变化 与 地表 起伏 呈 正 相关,DT NN NN NN DEG JJ NN CC NN NN VV AD VA,,影响_0（地表起伏，该城区地表温度的高低变化，正相关）,影响_0（地表起伏，该城区地表温度的高低变化，正相关）,0_11-12,0_11-12,影响,影响,,,该 城区 地表 温度 的 高低 变化 与 地表 起伏 呈正 相关,该 城区 地表 温度 的 高低 变化 与 地表 起伏 呈正 相关,DT NN NN NN DEG JJ NN CC NN VV VV AD JJ,( (IP (NP (DP (DT 该)) (NP (NN 城区))) (NP (DNP (NP (NN 地表) (NN 温度)) (DEG 的)) (NP (NP (ADJP (JJ 高低)) (NP (NN 变化))) (CC 与) (NP (NN 地表) (NN 起伏)))) (VP (VV 呈) (IP (VP (ADVP (AD 正)) (VP (VA 相关)))))) )
10-B,该城区地表温度的	高值区变化是气候变暖的结果,None,,,,,该 城区 地表 温度 的 高值区 变化 是 气候 变暖 的 结果,该 城区 地表 温度 的 高值区 变化 是 气候 变暖 的 结果,DT NN NN NN DEG NN NN VC NN VA DEC NN,,因果_0（气候变暖，该城区地表温度的 高值区变化）,因果_0（气候变暖，该城区地表温度的 高值区变化）,0_11,0_11,因果,因果,,,该 城区 地表 温度 的 高值区 变化 是 气候 变暖 的 结果,该 城区 地表 温度 的 高值区 变化 是 气候 变暖 的 结果,DT NN NN NN DEG NN NN VC NN VV DEC NN,( (IP (NP (NP (DP (DT 该)) (NP (NN 城区))) (DNP (NP (NN 地表) (NN 温度)) (DEG 的)) (NP (NN 高值区) (NN 变化))) (VP (VC 是) (NP (CP (IP (NP (NN 气候)) (VP (VA 变暖))) (DEC 的)) (NP (NN 结果))))) )
10-C,该城区地表温度的	低值区是河流或绿地影响的结果,None,,,,,该 城区 地表 温度 的 低值区 是 河流 或 绿地 影响 的 结果,该 城区 地表 温度 的 低值区 是 河流 或 绿地 影响 的 结果,DT NN NN NN DEG NN VC NN CC NN NN DEG NN,,影响_0（河流或绿地，该城区地表温度的低值区）,影响_0（河流或绿地，该城区地表温度的低值区）,0_10-12,0_10-12,影响,影响,,,该 城区 地表 温度 的 低值区 是 河流 或 绿地 影响 的 结果,该 城区 地表 温度 的 低值区 是 河流 或 绿地 影响 的 结果,DT NN NN NN DEG NN VC NN CC NN NN DEC NN,( (IP (NP (NP (DP (DT 该)) (NP (NN 城区))) (DNP (NP (NN 地表) (NN 温度)) (DEG 的)) (NP (NN 低值区))) (VP (VC 是) (NP (DNP (NP (NN 河流) (CC 或) (NN 绿地) (NN 影响)) (DEG 的)) (NP (NN 结果))))) )
10-D,该城区地表温度的	差异可导致地面风从城区吹向郊区,None,,,,,该 城区 地表 温度 的 差异 可 导致 地面 风 从 城区 吹向 郊区,该 城区 地表 温度 的 差异 可 导致 地面 风 从 城区 吹向 郊区,DT NN NN NN DEG NN VV VV NN NN P NN VV NN,,因果_0（该城区地表温度的差异，地面风从城区吹向郊区）,因果_0（该城区地表温度的差异，地面风从城区吹向郊区）,0_6-7,0_6-7,因果,因果,,,该 城区 地表 温度 的 差异 可 导致 地面 风 从 城区 吹向 郊区,该 城区 地表 温度 的 差异 可 导致 地面 风 从 城区 吹向 郊区,DT NN NN NN DEG NN VV VV NN NN P NN VV NN,( (IP (NP (DP (DT 该)) (NP (NN 城区))) (NP (DNP (NP (NN 地表) (NN 温度)) (DEG 的)) (NP (NN 差异))) (VP (VV 可) (VP (VV 导致) (IP (NP (NN 地面) (NN 风)) (VP (PP (P 从) (NP (NN 城区))) (VP (VV 吹向) (NP (NN 郊区)))))))) )
11-A,据图可以推断，从1982年到2004年该城区	建筑物占地面积增加,None,5,,,,据 图 可以 推断 ， 从1982年到2004年 该 城区 建筑物 占地 面积 增加,据 图 可以 推断 ， 从 1982年 到 2004年 该 城区 建筑物 占地 面积 增加,P NN VV VV PU time DT NN NN NN NN VV,,时间限定_0（从1982年到2004年）趋势_1（该城区，建筑物占地面积，#，增加）,时间限定_0（从1982年到2004年）趋势_1（该城区，建筑物占地面积，#，增加）,0_5 1_11,0_5 1_11,时间限定 趋势,时间限定 趋势,4,,据图 可以 推断 ， 从 1982年到2004年 该 城区 建筑物 占地 面积 增加,据图 可以 推断 ， 从 1982年 到 2004年 该 城区 建筑物 占地 面积 增加,AD VV VV PU time DT NN NN VV NN VV,( (IP (PP (P 据) (IP (NP (NN 图)) (VP (VV 可以) (VP (VV 推断))))) (PU ，) (NP (NT 从1982年到2004年)) (NP (NP (DP (DT 该)) (NP (NN 城区))) (NP (NN 建筑物))) (NP (NN 占地) (NN 面积)) (VP (VV 增加))) )
11-B,据图可以推断，从1982年到2004年该城区	南北部道路密度差异加大,None,5,,,,据 图 可以 推断 ， 从1982年到2004年 该 城区 南北部 道路 密度 差异 加大,据 图 可以 推断 ， 从 1982年 到 2004年 该 城区 南北部 道路 密度 差异 加大,P NN VV VV PU time DT NN NN NN NN NN VV,,时间限定_0（从1982年到2004年）趋势_1（该城区，南北部道路密度差异，#，加大）,时间限定_0（从1982年到2004年）趋势_1（该城区，南北部道路密度差异，#，加大）,0_5 1_12,0_5 1_12,时间限定 趋势,时间限定 趋势,4,,据图 可以 推断 ， 从 1982年到2004年 该 城区 南北部 道路 密度 差异 加大,据图 可以 推断 ， 从 1982年 到 2004年 该 城区 南北部 道路 密度 差异 加大,AD VV VV PU time DT NN NN NN NN NN VV,( (IP (PP (P 据) (IP (NP (NN 图)) (VP (VV 可以) (VP (VV 推断))))) (PU ，) (NP (NT 从1982年到2004年)) (NP (NP (DP (DT 该)) (NP (NN 城区) (NN 南北部) (NN 道路) (NN 密度))) (NP (NN 差异))) (VP (VV 加大))) )
11-C,据图可以推断，从1982年到2004年该城区	商业区向城区中心集中,None,5,,,,据 图 可以 推断 ， 从1982年到2004年 该 城区 商业区 向 城区 中心 集中,据 图 可以 推断 ， 从 1982年 到 2004年 该 城区 商业区 向 城区 中心 集中,P NN VV VV PU time DT NN NN P NN NN VV,,时间限定_0（从1982年到2004年）趋势_1（该城区，商业区，向城区中心，集中）,时间限定_0（从1982年到2004年）趋势_1（该城区，商业区，向城区中心，集中）,0_5 1_12,0_5 1_12,时间限定 趋势,时间限定 趋势,4,,据图 可以 推断 ， 从 1982年到2004年 该 城区 商业区 向 城区 中心 集中,据图 可以 推断 ， 从 1982年 到 2004年 该 城区 商业区 向 城区 中心 集中,AD VV VV PU time DT NN NN P NN NN VV,( (IP (PP (P 据) (IP (NP (NN 图)) (VP (VV 可以) (VP (VV 推断))))) (PU ，) (NP (NT 从1982年到2004年)) (NP (NP (DP (DT 该)) (NP (NN 城区))) (NP (NN 商业区))) (VP (PP (P 向) (NP (NN 城区) (NN 中心))) (VP (VV 集中)))) )
11-D,据图可以推断，从1982年到2004年该城区	空间形态没有发生变化,None,5,,,,据 图 可以 推断 ， 从1982年到2004年 该 城区 空间 形态 没有 发生 变化,据 图 可以 推断 ， 从 1982年 到 2004年 该 城区 空间 形态 没有 发生 变化,P NN VV VV PU time DT NN NN NN VE VV NN,,时间限定_0（从1982年到2004年）实体信息陈述_1（该城区，空间形态，没有发生变化）,时间限定_0（从1982年到2004年）实体信息陈述_1（该城区，空间形态，没有发生变化）,0_5,0_5,时间限定 实体信息陈述,时间限定 实体信息陈述,4,,据图 可以 推断 ， 从 1982年到2004年 该 城区 空间 形态 没有 发生 变化,据图 可以 推断 ， 从 1982年 到 2004年 该 城区 空间 形态 没有 发生 变化,AD VV VV PU time DT NN NN NN VE VV NN,( (IP (PP (P 据) (IP (NP (NN 图)) (VP (VV 可以) (VP (VV 推断))))) (PU ，) (NP (NT 从1982年到2004年)) (NP (DP (DT 该)) (NP (NN 城区) (NN 空间) (NN 形态))) (VP (VE 没有) (IP (VP (VV 发生) (NP (NN 变化)))))) )
