编号,文本,拆分信息,时间,地点,术语,数量词,（粗粒度）分词,（细粒度）分词,词性,成分分析,简化模板,完整模板,简化模板线索词,完整模板线索词,简化模板类型,完整模板类型,（auto）时间,（auto）地点,（auto粗粒度）分词,（auto细粒度）分词,（auto）词性,（auto）成分分析
1-A,该景观	形成受海水侵蚀的影响,None,,,5,,该 景观 形成 受 海水 侵蚀 的 影响,该 景观 形成 受 海水 侵蚀 的 影响,DT NN VV VV NN term DEG NN,,影响_0（海水侵蚀，该景观，形成）,影响_0（海水侵蚀，该景观，形成）,0_7,0_7,影响,影响,,,该 景观 形成 受 海水侵蚀 的 影响,该 景观 形成 受 海水侵蚀 的 影响,DT NN VV VV NN term DEG NN,( (IP (NP (DP (DT 该)) (NP (NN 景观))) (VP (VV 形成) (NP (DNP (NP (CP (IP (VP (VV 受) (NP (NN 海水))))) (NP (NN 侵蚀))) (DEG 的)) (NP (NN 影响))))) )
1-B,该景观	表现出石灰岩沉积特点,None,,,4 5,,该 景观 表现 出 石灰岩 沉积 特点,该 景观 表现 出 石灰岩 沉积 特点,DT NN VV VV term term NN,,实体信息陈述_0（该景观，表现出，石灰岩沉积特点）,实体信息陈述_0（该景观，表现出，石灰岩沉积特点）,,,实体信息陈述,实体信息陈述,,,该 景观表 现出 石灰岩 沉积 特点,该 景观表 现出 石灰岩 沉积 特点,DT NN VV term term NN,( (IP (NP (DP (DT 该)) (NP (NN 景观))) (VP (VRD (VV 表现) (VV 出)) (NP (NP (NN 石灰岩) (NN 沉积)) (NP (NN 特点))))) )
1-C,该景观	反映热带自然景观特征,None,,,3,,该 景观 反映 热带 自然 景观 特征,该 景观 反映 热带 自然 景观 特征,DT NN VV term NN NN NN,,实体信息陈述_0（该景观，反映，热带自然景观特征）,实体信息陈述_0（该景观，反映，热带自然景观特征）,,,实体信息陈述,实体信息陈述,,,该 景观 反映 热带 自然景观 特征,该 景观 反映 热带 自然景观 特征,DT NN VV term NN NN NN,( (IP (NP (DP (DT 该)) (NP (NN 景观))) (VP (VV 反映) (NP (NP (NN 热带)) (NP (NN 自然) (NN 景观)) (NP (NN 特征))))) )
1-D,该景观	在冬季观赏的效果最佳,None,3,,,,该 景观 在 冬季 观赏 的 效果 最 佳,该 景观 在 冬季 观赏 的 效果 最 佳,DT NN P time VV DEC NN AD VA,,时间限定_0（冬季）最值_1（该景观，观赏效果，佳，#）,时间限定_0（冬季）最值_1（该景观，观赏效果，佳，#）,1_7-8,1_7-8,时间限定 最值,时间限定 最值,3,,该 景观 在 冬季 观赏 的 效果 最 佳,该 景观 在 冬季 观赏 的 效果 最 佳,DT NN P time VV DEC NN AD VA,( (IP (NP (CP (IP (NP (DP (DT 该)) (NP (NN 景观))) (VP (PP (P 在) (NP (NT 冬季))) (VP (VV 观赏)))) (DEC 的)) (NP (NN 效果))) (VP (ADVP (AD 最)) (VP (VA 佳)))) )
2-A,该年发生地质地貌灾害次数最多的山地可能是	横断山和秦岭,None,,13 15,3 4,,该 年 发生 地质 地貌 灾害 次数 最 多 的 山地 可能 是 横断山 和 秦岭,该 年 发生 地质 地貌 灾害 次数 最 多 的 山地 可能 是 横断山 和 秦岭,DT M VV term term NN NN AD VA DEC NN VV VC loc CC loc,,最值_0（集合（横断山，秦岭），发生地质地貌灾害次数，多，#）,最值_0（集合（横断山，秦岭），发生地质地貌灾害次数，多，#）,0_7-8,0_7-8,最值,最值,,,该 年 发生 地质 地貌 灾害 次数 最 多 的 山地 可能 是 横断山 和 秦岭,该 年 发生 地质 地貌 灾害 次数 最 多 的 山地 可能 是 横断山 和 秦岭,DT M VV term term NN NN AD VA DEC NN VV VC loc CC loc,( (IP (NP (DP (DT 该) (CLP (M 年))) (CP (IP (NP (CP (IP (VP (VV 发生) (NP (NN 地质) (NN 地貌))))) (NP (NN 灾害) (NN 次数))) (VP (ADVP (AD 最)) (VP (VA 多)))) (DEC 的)) (NP (NN 山地))) (VP (VV 可能) (VP (VC 是) (NP (NR 横断山) (CC 和) (NR 秦岭))))) )
2-B,该年发生地质地貌灾害次数最多的山地可能是	太行山和雪峰山,None,,13 15,3 4,,该 年 发生 地质 地貌 灾害 次数 最 多 的 山地 可能 是 太行山 和 雪峰山,该 年 发生 地质 地貌 灾害 次数 最 多 的 山地 可能 是 太行山 和 雪峰山,DT M VV term term NN NN AD VA DEC NN VV VC loc CC loc,,最值_0（集合（太行山，雪峰山），发生地质地貌灾害次数，多，#）,最值_0（集合（太行山，雪峰山），发生地质地貌灾害次数，多，#）,0_7-8,0_7-8,最值,最值,,13,该 年 发生 地质 地貌 灾害 次数 最 多 的 山地 可能 是 太行山 和 雪峰山,该 年 发生 地质 地貌 灾害 次数 最 多 的 山地 可能 是 太行山 和 雪峰山,DT M VV term term NN NN AD VA DEC NN VV VC loc CC loc,( (IP (NP (DP (DT 该) (CLP (M 年))) (CP (IP (NP (CP (IP (VP (VV 发生) (NP (NN 地质) (NN 地貌))))) (NP (NN 灾害) (NN 次数))) (VP (ADVP (AD 最)) (VP (VA 多)))) (DEC 的)) (NP (NN 山地))) (VP (VV 可能) (VP (VC 是) (NP (NR 太行山) (CC 和) (NR 雪峰山))))) )
2-C,该年发生地质地貌灾害次数最多的山地可能是	大巴山和巫山,None,,13 15,3 4,,该 年 发生 地质 地貌 灾害 次数 最 多 的 山地 可能 是 大巴山 和 巫山,该 年 发生 地质 地貌 灾害 次数 最 多 的 山地 可能 是 大巴山 和 巫山,DT M VV term term NN NN AD VA DEC NN VV VC loc CC loc,,最值_0（集合（大巴山，巫山），发生地质地貌灾害次数，多，#）,最值_0（集合（大巴山，巫山），发生地质地貌灾害次数，多，#）,0_7-8,0_7-8,最值,最值,,,该 年 发生 地质 地貌 灾害 次数 最 多 的 山地 可能 是 大 巴山 和 巫山,该 年 发生 地质 地貌 灾害 次数 最 多 的 山地 可能 是 大巴山 和 巫山,DT M VV term term NN NN AD VA DEC NN VV VC loc CC loc,( (IP (NP (DP (DT 该) (CLP (M 年))) (CP (IP (NP (CP (IP (VP (VV 发生) (NP (NN 地质) (NN 地貌))))) (NP (NN 灾害) (NN 次数))) (VP (ADVP (AD 最)) (VP (VA 多)))) (DEC 的)) (NP (NN 山地))) (VP (VV 可能) (VP (VC 是) (NP (NR 大巴山) (CC 和) (NR 巫山))))) )
2-D,该年发生地质地貌灾害次数最多的山地可能是	祁连山和唐古拉山,None,,13 15,3 4,,该 年 发生 地质 地貌 灾害 次数 最 多 的 山地 可能 是 祁连山 和 唐古拉山,该 年 发生 地质 地貌 灾害 次数 最 多 的 山地 可能 是 祁连山 和 唐古拉山,DT M VV term term NN NN AD VA DEC NN VV VC loc CC loc,,最值_0（集合（祁连山，唐古拉山），发生地质地貌灾害次数，多，#）,最值_0（集合（祁连山，唐古拉山），发生地质地貌灾害次数，多，#）,0_7-8,0_7-8,最值,最值,,,该 年 发生 地质 地貌 灾害 次数 最 多 的 山地 可能 是 祁连山 和 唐古拉山,该 年 发生 地质 地貌 灾害 次数 最 多 的 山地 可能 是 祁连山 和 唐古拉 山,DT M VV term term NN NN AD VA DEC NN VV VC loc CC loc,( (IP (NP (DP (DT 该) (CLP (M 年))) (CP (IP (NP (CP (IP (VP (VV 发生) (NP (NN 地质) (NN 地貌))))) (NP (NN 灾害) (NN 次数))) (VP (ADVP (AD 最)) (VP (VA 多)))) (DEC 的)) (NP (NN 山地))) (VP (VV 可能) (VP (VC 是) (NP (NR 祁连山) (CC 和) (NR 唐古拉山))))) )
3-A,在图3所示的山区自然灾害链中，①②③④依次是	滑坡、泥石流、地震、崩塌,None,,,16 18 20 22,,在 图3 所示 的 山区 自然 灾害 链 中 ， ① ② ③ ④ 依次 是 滑坡 、 泥石流 、 地震 、 崩塌,在 图3 所示 的 山区 自然 灾害 链 中 ， ① ② ③ ④ 依次 是 滑坡 、 泥石流 、 地震 、 崩塌,P NN VV DEC NN NN NN NN LC PU NN NN NN NN AD VC term PU term PU term PU term,,匹配_0（①，滑坡）匹配_1（②，泥石流）匹配_2（③，地震）匹配_3（④，崩塌）,匹配_0（①，滑坡）匹配_1（②，泥石流）匹配_2（③，地震）匹配_3（④，崩塌）,0_14 1_14 2_14 3_14,0_14 1_14 2_14 3_14,匹配 匹配 匹配 匹配,匹配 匹配 匹配 匹配,,,在 图3 所示 的 山区 自然 灾害 链 中 ， ① ② ③ ④ 依次 是 滑坡 、 泥石流 、 地震 、 崩塌,在 图3 所示 的 山区 自然 灾害 链 中 ， ① ② ③ ④ 依次 是 滑坡 、 泥石流 、 地震 、 崩塌,P NN VV DEC NN NN NN NN LC PU NN AD VV NN AD VC term PU term PU term PU term,( (IP (PP (P 在) (LCP (NP (CP (IP (NP (NN 图3)) (VP (VV 所示))) (DEC 的)) (NP (NP (NN 山区)) (NP (NN 自然) (NN 灾害)) (NP (NN 链)))) (LC 中))) (PU ，) (NP (NP (NN ①) (NN ②)) (NP (NN ③) (NN ④))) (VP (ADVP (AD 依次)) (VP (VC 是) (NP (NN 滑坡) (PU 、) (NN 泥石流) (PU 、) (NN 地震) (PU 、) (NN 崩塌))))) )
3-B,在图3所示的山区自然灾害链中，①②③④依次是	泥石流、地震、崩塌、滑坡,None,,,16 18 20 22,,在 图3 所示 的 山区 自然 灾害 链 中 ， ① ② ③ ④ 依次 是 泥石流 、 地震 、 崩塌 、 滑坡,在 图3 所示 的 山区 自然 灾害 链 中 ， ① ② ③ ④ 依次 是 泥石流 、 地震 、 崩塌 、 滑坡,P NN VV DEC NN NN NN NN LC PU NN NN NN NN AD VC term PU term PU term PU term,,匹配_0（①，泥石流）匹配_1（②，地震）匹配_2（③，崩塌）匹配_3（④，滑坡）,匹配_0（①，泥石流）匹配_1（②，地震）匹配_2（③，崩塌）匹配_3（④，滑坡）,0_14 1_14 2_14 3_14,0_14 1_14 2_14 3_14,匹配 匹配 匹配 匹配,匹配 匹配 匹配 匹配,,,在 图3 所示 的 山区 自然 灾害 链 中 ， ① ② ③ ④ 依次 是 泥石流 、 地震 、 崩塌 、 滑坡,在 图3 所示 的 山区 自然 灾害 链 中 ， ① ② ③ ④ 依次 是 泥石流 、 地震 、 崩塌 、 滑坡,P NN VV DEC NN NN NN NN LC PU NN AD VV NN AD VC term PU term PU term PU term,( (IP (PP (P 在) (LCP (NP (CP (IP (NP (NN 图3)) (VP (VV 所示))) (DEC 的)) (NP (NP (NN 山区)) (NP (NN 自然) (NN 灾害)) (NP (NN 链)))) (LC 中))) (PU ，) (NP (NP (NN ①) (NN ②)) (NP (NN ③) (NN ④))) (VP (ADVP (AD 依次)) (VP (VC 是) (NP (NN 泥石流) (PU 、) (NN 地震) (PU 、) (NN 崩塌) (PU 、) (NN 滑坡))))) )
3-C,在图3所示的山区自然灾害链中，①②③④依次是	地震、崩塌、滑坡、泥石流,None,,,16 18 20 22,,在 图3 所示 的 山区 自然 灾害 链 中 ， ① ② ③ ④ 依次 是 地震 、 崩塌 、 滑坡 、 泥石流,在 图3 所示 的 山区 自然 灾害 链 中 ， ① ② ③ ④ 依次 是 地震 、 崩塌 、 滑坡 、 泥石流,P NN VV DEC NN NN NN NN LC PU NN NN NN NN AD VC term PU term PU term PU term,,匹配_0（①，地震）匹配_1（②，崩塌）匹配_2（③，滑坡）匹配_3（④，泥石流）,匹配_0（①，地震）匹配_1（②，崩塌）匹配_2（③，滑坡）匹配_3（④，泥石流）,0_14 1_14 2_14 3_14,0_14 1_14 2_14 3_14,匹配 匹配 匹配 匹配,匹配 匹配 匹配 匹配,,,在 图3 所示 的 山区 自然 灾害 链 中 ， ① ② ③ ④ 依次 是 地震 、 崩塌 、 滑坡 、 泥石流,在 图3 所示 的 山区 自然 灾害 链 中 ， ① ② ③ ④ 依次 是 地震 、 崩塌 、 滑坡 、 泥石流,P NN VV DEC NN NN NN NN LC PU NN AD VV NN AD VC term PU term PU term PU term,( (IP (PP (P 在) (LCP (NP (CP (IP (NP (NN 图3)) (VP (VV 所示))) (DEC 的)) (NP (NP (NN 山区)) (NP (NN 自然) (NN 灾害)) (NP (NN 链)))) (LC 中))) (PU ，) (NP (NP (NN ①) (NN ②)) (NP (NN ③) (NN ④))) (VP (ADVP (AD 依次)) (VP (VC 是) (NP (NN 地震) (PU 、) (NN 崩塌) (PU 、) (NN 滑坡) (PU 、) (NN 泥石流))))) )
3-D,在图3所示的山区自然灾害链中，①②③④依次是	崩塌、滑坡、泥石流、地震,None,,,16 18 20 22,,在 图3 所示 的 山区 自然 灾害 链 中 ， ① ② ③ ④ 依次 是 崩塌 、 滑坡 、 泥石流 、 地震,在 图3 所示 的 山区 自然 灾害 链 中 ， ① ② ③ ④ 依次 是 崩塌 、 滑坡 、 泥石流 、 地震,P NN VV DEC NN NN NN NN LC PU NN NN NN NN AD VC term PU term PU term PU term,,匹配_0（①，崩塌）匹配_1（②，滑坡）匹配_2（③，泥石流）匹配_3（④，地震）,匹配_0（①，崩塌）匹配_1（②，滑坡）匹配_2（③，泥石流）匹配_3（④，地震）,0_14 1_14 2_14 3_14,0_14 1_14 2_14 3_14,匹配 匹配 匹配 匹配,匹配 匹配 匹配 匹配,,,在 图3 所示 的 山区 自然 灾害 链 中 ， ① ② ③ ④ 依次 是 崩塌 、 滑坡 、 泥石流 、 地震,在 图3 所示 的 山区 自然 灾害 链 中 ， ① ② ③ ④ 依次 是 崩塌 、 滑坡 、 泥石流 、 地震,P NN VV DEC NN NN NN NN LC PU NN AD VV NN AD VC term PU term PU term PU term,( (IP (PP (P 在) (LCP (NP (CP (IP (NP (NN 图3)) (VP (VV 所示))) (DEC 的)) (NP (NP (NN 山区)) (NP (NN 自然) (NN 灾害)) (NP (NN 链)))) (LC 中))) (PU ，) (NP (NP (NN ①) (NN ②)) (NP (NN ③) (NN ④))) (VP (ADVP (AD 依次)) (VP (VC 是) (NP (NN 崩塌) (PU 、) (NN 滑坡) (PU 、) (NN 泥石流) (PU 、) (NN 地震))))) )
4-A,平均海拔由高到低的省区依次是	湘、辽、宁,None,,10 12 14,,,平均 海拔 由 高 到 低 的 省区 依次 是 湘 、 辽 、 宁,平均 海拔 由 高 到 低 的 省区 依次 是 湘 、 辽 、 宁,JJ NN P VA VV VA DEC NN AD VC loc PU loc PU loc,,排序_0（平均海拔，由高到低，列表（湘、辽、宁））,排序_0（平均海拔，由高到低，列表（湘、辽、宁））,0_2-4-8-9,0_2-4-8-9,排序,排序,,,平均 海拔 由 高 到 低 的 省区 依次 是 湘 、 辽 、 宁,平均 海拔 由 高 到 低 的 省区 依次 是 湘 、 辽 、 宁,JJ NN P VA VV VA DEC NN AD VC loc PU loc PU loc,( (IP (NP (CP (IP (NP (ADJP (JJ 平均)) (NP (NN 海拔))) (VP (PP (P 由) (IP (VP (VRD (VA 高) (VV 到))))) (VP (VA 低)))) (DEC 的)) (NP (NN 省区))) (VP (ADVP (AD 依次)) (VP (VC 是) (NP (NR 湘) (PU 、) (NR 辽) (PU 、) (NR 宁))))) )
4-B,平均海拔由高到低的省区依次是	台、鲁、苏,None,,10 12 14,,,平均 海拔 由 高 到 低 的 省区 依次 是 台 、 鲁 、 苏,平均 海拔 由 高 到 低 的 省区 依次 是 台 、 鲁 、 苏,JJ NN P VA VV VA DEC NN AD VC loc PU loc PU loc,,排序_0（平均海拔，由高到低，列表（台、鲁、苏））,排序_0（平均海拔，由高到低，列表（台、鲁、苏））,0_2-4-8-9,0_2-4-8-9,排序,排序,,,平均 海拔 由 高 到 低 的 省区 依次 是 台 、 鲁 、 苏,平均 海拔 由 高 到 低 的 省区 依次 是 台 、 鲁 、 苏,JJ NN P VA VV VA DEC NN AD VC loc PU loc PU loc,( (IP (NP (CP (IP (NP (ADJP (JJ 平均)) (NP (NN 海拔))) (VP (PP (P 由) (IP (VP (VRD (VA 高) (VV 到))))) (VP (VA 低)))) (DEC 的)) (NP (NN 省区))) (VP (ADVP (AD 依次)) (VP (VC 是) (NP (NR 台) (PU 、) (NR 鲁) (PU 、) (NR 苏))))) )
4-C,平均海拔由高到低的省区依次是	青、粤、晋,None,,10 12 14,,,平均 海拔 由 高 到 低 的 省区 依次 是 青 、 粤 、 晋,平均 海拔 由 高 到 低 的 省区 依次 是 青 、 粤 、 晋,JJ NN P VA VV VA DEC NN AD VC loc PU loc PU loc,,排序_0（平均海拔，由高到低，列表（青、粤、晋））,排序_0（平均海拔，由高到低，列表（青、粤、晋））,0_2-4-8-9,0_2-4-8-9,排序,排序,,,平均 海拔 由 高 到 低 的 省区 依次 是 青 、 粤 、 晋,平均 海拔 由 高 到 低 的 省区 依次 是 青 、 粤 、 晋,JJ NN P VA VV VA DEC NN AD VC loc PU loc PU loc,( (IP (NP (CP (IP (NP (ADJP (JJ 平均)) (NP (NN 海拔))) (VP (PP (P 由) (IP (VP (VRD (VA 高) (VV 到))))) (VP (VA 低)))) (DEC 的)) (NP (NN 省区))) (VP (ADVP (AD 依次)) (VP (VC 是) (NP (NR 青) (PU 、) (NR 粤) (PU 、) (NR 晋))))) )
4-D,平均海拔由高到低的省区依次是	桂、甘、豫,None,,10 12 14,,,平均 海拔 由 高 到 低 的 省区 依次 是 桂 、 甘 、 豫,平均 海拔 由 高 到 低 的 省区 依次 是 桂 、 甘 、 豫,JJ NN P VA VV VA DEC NN AD VC loc PU loc PU loc,,排序_0（平均海拔，由高到低，列表（桂、甘、豫））,排序_0（平均海拔，由高到低，列表（桂、甘、豫））,0_2-4-8-9,0_2-4-8-9,排序,排序,,,平均 海拔 由 高 到 低 的 省区 依次 是 桂 、 甘 、 豫,平均 海拔 由 高 到 低 的 省区 依次 是 桂 、 甘 、 豫,JJ NN P VA VV VA DEC NN AD VC loc PU loc PU loc,( (IP (NP (CP (IP (NP (ADJP (JJ 平均)) (NP (NN 海拔))) (VP (PP (P 由) (IP (VP (VRD (VA 高) (VV 到))))) (VP (VA 低)))) (DEC 的)) (NP (NN 省区))) (VP (ADVP (AD 依次)) (VP (VC 是) (NP (NR 桂) (PU 、) (NR 甘) (PU 、) (NR 豫))))) )
5-A,图中各点最可能表示世界	主要能源矿产产地,None,,,,,图 中 各 点 最 可能 表示 世界 主要 能源 矿产 产地,图 中 各 点 最 可能 表示 世界 主要 能源 矿产 产地,NN LC DT NN AD VV VV NN JJ NN NN NN,,分布_0（主要能源矿产产地，图中各点，高密度）,分布_0（主要能源矿产产地，图中各点，高密度）,0_2-3,0_2-3,分布,分布,,,图 中 各 点 最 可能 表示 世界 主要 能源 矿产 产地,图 中 各 点 最 可能 表示 世界 主要 能源 矿产 产地,NN LC DT M AD VV VV NN JJ NN NN NN,( (IP (LCP (NP (NN 图)) (LC 中)) (NP (DP (DT 各)) (NP (NN 点))) (VP (ADVP (AD 最)) (VP (VV 可能) (VP (VV 表示) (NP (NP (NP (NN 世界)) (ADJP (JJ 主要)) (NP (NN 能源))) (NP (NN 矿产) (NN 产地))))))) )
5-B,图中各点最可能表示世界	百万人口以上的城市,None,,,,8,图 中 各 点 最 可能 表示 世界 百万 人口 以上 的 城市,图 中 各 点 最 可能 表示 世界 百万 人口 以上 的 城市,NN LC DT NN AD VV VV NN num NN LC DEG NN,,分布_0（百万人口以上的城市，图中各点，高密度）,分布_0（百万人口以上的城市，图中各点，高密度）,0_2-3,0_2-3,分布,分布,,,图 中 各 点 最 可能 表示 世界 百万 人口 以上 的 城市,图 中 各 点 最 可能 表示 世界 百万 人口 以上 的 城市,NN LC DT M AD VV VV NN num NN LC DEG NN,( (IP (LCP (NP (NN 图)) (LC 中)) (NP (DP (DT 各)) (NP (NN 点))) (VP (ADVP (AD 最)) (VP (VV 可能) (VP (VV 表示) (NP (NP (NN 世界)) (DNP (LCP (NP (QP (CD 百万)) (NP (NN 人口))) (LC 以上)) (DEG 的)) (NP (NN 城市))))))) )
5-C,图中各点最可能表示世界	自然和文化遗产地,None,,,,,图 中 各 点 最 可能 表示 世界 自然 和 文化 遗产 地,图 中 各 点 最 可能 表示 世界 自然 和 文化 遗产 地,NN LC DT NN AD VV VV NN NN CC NN NN NN,,分布_0（自然和文化遗产，图中各点，高密度）,分布_0（自然和文化遗产，图中各点，高密度）,0_2-3,0_2-3,分布,分布,,,图 中 各 点 最 可能 表示 世界 自然 和 文化 遗产 地,图 中 各 点 最 可能 表示 世界 自然 和 文化 遗产 地,NN LC DT M AD VV VV NN NN CC NN NN NN,( (IP (LCP (NP (NN 图)) (LC 中)) (NP (DP (DT 各)) (NP (NN 点))) (VP (ADVP (AD 最)) (VP (VV 可能) (VP (VV 表示) (NP (NP (NP (NN 世界)) (NP (NN 自然) (CC 和) (NN 文化) (NN 遗产))) (NP (NN 地))))))) )
5-D,图中各点最可能表示世界	近10年7级以上地震震中,None,9,,,10,图 中 各 点 最 可能 表示 世界 近 10年 7级 以上 地震 震中,图 中 各 点 最 可能 表示 世界 近 10年 7级 以上 地震 震中,NN LC DT NN AD VV VV NN AD time num LC NN NN,,分布_0（近10年7级以上地震震中，图中各点，高密度）,分布_0（近10年7级以上地震震中，图中各点，高密度）,0_2-3,0_2-3,分布,分布,9,,图 中 各 点 最 可能 表示 世界 近 10年7级 以 上地震 震中,图 中 各 点 最 可能 表示 世界 近 10年 7级 以上 地震 震中,NN LC DT M AD VV VV NN AD time M LC NN NN,( (NP (CP (IP (LCP (NP (NN 图)) (LC 中)) (NP (DP (DT 各)) (NP (NN 点))) (VP (ADVP (AD 最)) (VP (VV 可能) (VP (VV 表示) (NP (NP (NN 世界)) (ADVP (AD 近)) (NP (NT 10年))) (LCP (QP (CD 7级)) (LC 以上))))))) (NP (NN 地震) (NN 震中))) )
6-A,在6月到8月期间	正午太阳高度角①比②小,None,1,,2,,在 6月到8月期间 正午太阳高度角 ① 比 ② 小,在 6月 到 8月 期间 正午 太阳 高度 角 ① 比 ② 小,P time term NN P NN VA,,时间限定_0（6月到8月期间）比较_1（①，②，正午太阳高度角，小）,时间限定_0（6月到8月期间）比较_1（①，②，正午太阳高度角，小）,1_4,1_4,时间限定 比较,时间限定 比较,1,,在 6月到8月 期间 正午太阳高度角 ① 比 ② 小,在 6月 到 8月 期间 正午太阳高度角 ① 比 ② 小,P time term M P NN VA,( (IP (PP (P 在) (NP (NT 6月到8月期间))) (NP (NN 正午太阳高度角) (NN ①)) (VP (PP (P 比) (NP (NN ②))) (VP (VA 小)))) )
6-B,在6月到8月期间	日出时间①比③早,None,1,,,,在 6月到8月期间 日出 时间 ① 比 ③ 早,在 6月 到 8月 期间 日出 时间 ① 比 ③ 早,P time NN NN NN P NN VA,,时间限定_0（6月到8月期间）比较_1（①，③，日出时间，早）,时间限定_0（6月到8月期间）比较_1（①，③，日出时间，早）,1_5,1_5,时间限定 比较,时间限定 比较,1,,在 6月到8月 期间 日出 时间 ① 比 ③ 早,在 6月 到 8月 期间 日出 时间 ① 比 ③ 早,P time VV NN AD P NN VA,( (IP (NP (PP (P 在) (NP (NT 6月到8月期间))) (NP (NN 日出) (NN 时间))) (NP (NN ①)) (VP (PP (P 比) (NP (NN ③))) (VP (VA 早)))) )
6-C,在6月到8月期间	④地白昼时间逐渐增加,None,1,2,,,在 6月到8月期间 ④地 白昼 时间 逐渐 增加,在 6月 到 8月 期间 ④地 白昼 时间 逐渐 增加,P time loc NN NN AD VV,,时间限定_0（6月到8月期间，）趋势_1（④地，白昼时间，#，逐渐增加）,时间限定_0（6月到8月期间，）趋势_1（④地，白昼时间，#，逐渐增加）,1_5-6,1_5-6,时间限定 趋势,时间限定 趋势,1 2,,在 6月到8月 期间 ④地 白昼 时间 逐渐 增加,在 6月 到 8月 期间 ④地 白昼 时间 逐渐 增加,P NR VV NN NN AD VV,( (IP (NP (PP (P 在) (NP (NP (NT 6月到8月期间)) (NP (NR ④地)))) (NP (NN 白昼) (NN 时间))) (VP (ADVP (AD 逐渐)) (VP (VV 增加)))) )
6-D,在6月到8月期间	便于在⑤地开展科学考察,None,1,4,,,在 6月到8月期间 便于 在 ⑤地 开展 科学 考察,在 6月 到 8月 期间 便于 在 ⑤地 开展 科学 考察,P time VV P loc VV NN NN,,时间限定_0（6月到8月期间）一般陈述_1（便于在⑤地开展科学考察）,时间限定_0（6月到8月期间）一般陈述_1（便于在⑤地开展科学考察）,,,时间限定 一般陈述,时间限定 一般陈述,1 4,,在 6月到8月 期间 便于 在 ⑤地 开展 科学 考察,在 6月 到 8月 期间 便于 在 ⑤地 开展 科学 考察,P NR VV P NN VV NN NN,( (IP (VP (PP (P 在) (NP (NT 6月到8月期间))) (VP (VV 便于) (VP (PP (P 在) (NP (NR ⑤地))) (VP (VV 开展) (NP (NN 科学) (NN 考察))))))) )
7-A,该日最可能出现在	1月,None,6,,,,该 日 最 可能 出现 在 1月,该 日 最 可能 出现 在 1月,DT NN AD VV VV P time,,实体信息陈述_0（该日，出现在，1月）,实体信息陈述_0（该日，出现在，1月）,,,实体信息陈述,实体信息陈述,6,,该 日 最 可能 出现 在 1月,该 日 最 可能 出现 在 1月,DT M AD VV VV P time,( (IP (NP (DP (DT 该)) (NP (NN 日))) (VP (ADVP (AD 最)) (VP (VV 可能) (VP (VV 出现) (PP (P 在) (NP (NT 1月))))))) )
7-B,该日最可能出现在	4月,None,6,,,,该 日 最 可能 出现 在 4月,该 日 最 可能 出现 在 4月,DT NN AD VV VV P time,,实体信息陈述_0（该日，出现在，4月）,实体信息陈述_0（该日，出现在，4月）,,,实体信息陈述,实体信息陈述,6,,该 日 最 可能 出现 在 4月,该 日 最 可能 出现 在 4月,DT M AD VV VV P time,( (IP (NP (DP (DT 该)) (NP (NN 日))) (VP (ADVP (AD 最)) (VP (VV 可能) (VP (VV 出现) (PP (P 在) (NP (NT 4月))))))) )
7-C,该日最可能出现在	7月,None,6,,,,该 日 最 可能 出现 在 7月,该 日 最 可能 出现 在 7月,DT NN AD VV VV P time,,实体信息陈述_0（该日，出现在，7月）,实体信息陈述_0（该日，出现在，7月）,,,实体信息陈述,实体信息陈述,6,,该 日 最 可能 出现 在 7月,该 日 最 可能 出现 在 7月,DT M AD VV VV P time,( (IP (NP (DP (DT 该)) (NP (NN 日))) (VP (ADVP (AD 最)) (VP (VV 可能) (VP (VV 出现) (PP (P 在) (NP (NT 7月))))))) )
7-D,该日最可能出现在	10月,None,6,,,,该 日 最 可能 出现 在 10月,该 日 最 可能 出现 在 10月,DT NN AD VV VV P time,,实体信息陈述_0（该日，出现在，10月）,实体信息陈述_0（该日，出现在，10月）,,,实体信息陈述,实体信息陈述,6,,该 日 最 可能 出现 在 10月,该 日 最 可能 出现 在 10月,DT M AD VV VV P time,( (IP (NP (DP (DT 该)) (NP (NN 日))) (VP (ADVP (AD 最)) (VP (VV 可能) (VP (VV 出现) (PP (P 在) (NP (NT 10月))))))) )
8-A,图中	河流形成于距今2300万年前,None,5,,,,图 中 河流 形成 于 距今2300万年前,图 中 河流 形成 于 距今 2300万年 前,NN LC NN VV P time,,实体信息陈述_0（河流，形成于，距今2300万年前）,实体信息陈述_0（河流，形成于，距今2300万年前）,,,实体信息陈述,实体信息陈述,4,,图 中河 流形 成于 距今 2300万年前,图 中河 流形 成于 距今 2300万年 前,NN LC NR VV P NR,( (IP (NP (LCP (NP (NN 图)) (LC 中)) (NP (NN 河流))) (VP (VV 形成) (PP (P 于) (NP (NT 距今2300万年前))))) )
8-B,图中	①处经历了先侵蚀后沉积过程,None,,2,6 8,,图 中 ①处 经历 了 先 侵蚀 后 沉积 过程,图 中 ①处 经历 了 先 侵蚀 后 沉积 过程,NN LC NN VV AS AD term AD term NN,,实体信息陈述_0（①处，经历了，先侵蚀后沉积过程）,实体信息陈述_0（①处，经历了，先侵蚀后沉积过程）,,,实体信息陈述,实体信息陈述,2,,图 中 ①处 经历 了 先 侵蚀 后 沉积 过程,图 中 ①处 经历 了 先 侵蚀 后 沉积 过程,NN LC VV VV AS AD term LC term NN,( (IP (NP (LCP (NP (NN 图)) (LC 中)) (NP (NN ①处))) (VP (VV 经历) (AS 了) (NP (IP (ADVP (AD 先)) (NP (NN 侵蚀)) (VP (ADVP (AD 后)) (VP (NP (NN 沉积))))) (NP (NN 过程))))) )
8-C,图中	②处底层由下到上是连续的,None,,2,,,图 中 ②处 底层 由 下 到 上 是 连续 的,图 中 ②处 底层 由 下 到 上 是 连续 的,NN LC NN NN P NN P NN VC JJ DEG,,实体信息陈述_0（②处，底层，由下到上是连续的）,实体信息陈述_0（②处，底层，由下到上是连续的）,,,实体信息陈述,实体信息陈述,2,,图 中 ②处 底层 由 下到 上 是 连续 的,图 中 ②处 底层 由 下到 上 是 连续 的,NN LC VV NN VV LC VV LC VC JJ DEG,( (IP (NP (NP (LCP (NP (NN 图)) (LC 中)) (NP (NN ②处))) (NP (NN 底层))) (VP (PP (PP (P 由) (NP (NN 下))) (PP (P 到) (NP (NN 上)))) (VP (VC 是) (DNP (ADJP (JJ 连续)) (DEG 的))))) )
8-D,图中	河流③处左岸侵蚀，右岸堆积,y,,3,5 8,,图 中 河流 ③处 左岸 侵蚀 ， 右岸 堆积,图 中 河流 ③处 左岸 侵蚀 ， 右岸 堆积,NN LC NN NN NN term PU NN term,,实体信息陈述_0（河流③处，左岸，侵蚀）实体信息陈述_1（河流③处，右岸，堆积）,实体信息陈述_0（河流③处，左岸，侵蚀）实体信息陈述_1（河流③处，右岸，堆积）,,,实体信息陈述 实体信息陈述,实体信息陈述 实体信息陈述,3,,图 中河 流 ③处 左岸 侵蚀 ， 右岸 堆积,图 中 河流 ③处 左岸 侵蚀 ， 右岸 堆积,NN LC NN NN NN term PU NN term,( (NP (NP (NP (LCP (NP (NN 图)) (LC 中)) (NP (NN 河流))) (NP (NP (NN ③处) (NN 左岸)) (NP (NN 侵蚀)))) (PU ，) (NP (NN 右岸) (NN 堆积))) )
8-D-0,图中	河流③处左岸侵蚀,ed-ori,,3,5,,图 中 河流 ③处 左岸 侵蚀,图 中 河流 ③处 左岸 侵蚀,NN LC NN NN NN term,,实体信息陈述_0（河流③处，左岸，侵蚀）,实体信息陈述_0（河流③处，左岸，侵蚀）,,,实体信息陈述,实体信息陈述,3,,图 中河 流 ③处 左岸 侵蚀,图 中 河流 ③处 左岸 侵蚀,NN LC NN NN NN term,( (NP (NP (NP (LCP (NP (NN 图)) (LC 中)) (NP (NN 河流))) (NP (NN ③处) (NN 左岸))) (NP (NN 侵蚀))) )
8-D-1,图中	河流③处右岸堆积,ed-mod,,3,5,,图 中 河流 ③处 右岸 堆积,图 中 河流 ③处 右岸 堆积,NN LC NN NN NN term,,实体信息陈述_0（河流③处，右岸，堆积）,实体信息陈述_0（河流③处，右岸，堆积）,,,实体信息陈述,实体信息陈述,3,,图 中河 流 ③处 右岸 堆积,图 中 河流 ③处 右岸 堆积,NN LC NN NN NN term,( (NP (LCP (NP (NN 图)) (LC 中)) (NP (NN 河流) (NN ③处) (NN 右岸)) (NP (NN 堆积))) )
9-A,该聚落	出现在图中所示断裂产生前,None,,,,,该 聚落 出现 在 图 中 所示 断裂 产生 前,该 聚落 出现 在 图 中 所示 断裂 产生 前,DT NN VV P NN LC VV NN VV LC,,实体信息陈述_0（该聚落，出现在，图示所示断裂产生前）,实体信息陈述_0（该聚落，出现在，图示所示断裂产生前）,,,实体信息陈述,实体信息陈述,,,该 聚落 出现 在 图 中 所示 断裂 产生 前,该 聚落 出现 在 图 中 所示 断裂 产生 前,DT NN VV P NN LC VV NN VV LC,( (IP (NP (DP (DT 该)) (NP (NN 聚落))) (VP (VV 出现) (PP (P 在) (LCP (LCP (NP (NN 图)) (LC 中)) (VP (VV 所示) (IP (NP (NN 断裂)) (VP (VV 产生)))) (LC 前))))) )
9-B,该聚落	坐落在河流冲积平原上,None,,,5,,该 聚落 坐落 在 河流 冲积平原 上,该 聚落 坐落 在 河流 冲积 平原 上,DT NN VV P NN term LC,,位于_0（该聚落，河流冲积平原上）,位于_0（该聚落，河流冲积平原上）,0_2,0_2,位于,位于,,,该 聚落 坐落 在 河流 冲积 平原 上,该 聚落 坐落 在 河流 冲积平原 上,DT NN VV P NN term LC,( (IP (NP (DP (DT 该)) (NP (NN 聚落))) (VP (VV 坐落) (PP (P 在) (LCP (NP (NN 河流) (NN 冲积平原)) (LC 上))))) )
9-C,该聚落	自然景观以落叶阔叶林为主,None,,,5,,该 聚落 自然 景观 以 落叶阔叶林 为主,该 聚落 自然 景观 以 落叶 阔叶林 为主,DT NN NN NN P term VV,,实体信息陈述_0（该聚落，自然景观，以落叶阔叶林为主）,实体信息陈述_0（该聚落，自然景观，以落叶阔叶林为主）,,,实体信息陈述,实体信息陈述,,,该 聚落 自然 景观 以 落叶阔叶林 为 主,该 聚落 自然 景观 以 落叶阔叶林 为 主,DT NN AD NN P term VV NN,( (IP (NP (NP (DP (DT 该)) (NP (NN 聚落))) (NP (NN 自然) (NN 景观))) (VP (PP (P 以) (NP (NN 落叶阔叶林))) (VP (VV 为主)))) )
9-D,该聚落	居住区适宜向河滩扩展,None,,,,,该 聚落 居住区 适宜 向 河滩 扩展,该 聚落 居住区 适宜 向 河滩 扩展,DT NN NN AD P NN VV,,实体信息陈述_0（该聚落居住区，适宜，向河滩扩展）,实体信息陈述_0（该聚落居住区，适宜，向河滩扩展）,,,实体信息陈述,实体信息陈述,,,该 聚落 居住区 适宜 向 河滩 扩展,该 聚落 居住区 适宜 向 河滩 扩展,DT NN NN AD P NR VV,( (IP (NP (NP (DP (DT 该)) (NP (NN 聚落))) (NP (NN 居住区))) (VP (ADVP (AD 适宜)) (PP (P 向) (NP (NN 河滩))) (VP (VV 扩展)))) )
10-A,该图的制作与应用借助于	遥感技术获取道路网信息，测定监测点分布,y,,,8,,该 图 的 制作 与 应用 借助 于 遥感技术 获取 道路网 信息 ， 测定 监测点 分布,该 图 的 制作 与 应用 借助 于 遥感 技术 获取 道路网 信息 ， 测定 监测点 分布,DT NN DEG NN CC NN VV P term VV NN NN PU VV NN NN,,实体信息陈述_0（该图的制作与应用，借助于，遥感技术获取道路网信息、测定监测点分布）,实体信息陈述_0（该图的制作与应用，借助于，实体信息陈述_1（遥感技术，获取，道路网信息）实体信息陈述_2（遥感技术，测定，监测点分布））,,,实体信息陈述,实体信息陈述 实体信息陈述 实体信息陈述,,,该 图 的 制作 与 应用 借助于 遥感技术 获取 道路网 信息 ， 测定 监测点 分布,该 图 的 制作 与 应用 借助于 遥感技术 获取 道路网 信息 ， 测定 监测点 分布,DT NN DEG NN CC NN VV term VV NN NN PU VV NN VV,( (IP (NP (DNP (NP (DP (DT 该)) (NP (NN 图))) (DEG 的)) (NP (NN 制作) (CC 与) (NN 应用))) (VP (VP (VV 借助) (NP (IP (VP (PP (P 于) (NP (NN 遥感技术))) (VP (VV 获取) (NP (NN 道路网))))) (NP (NN 信息)))) (PU ，) (VP (VV 测定) (NP (NN 监测点) (NN 分布))))) )
10-A-0,该图的制作与应用借助于	遥感技术获取道路网信息,ed-ori,,,8,,该 图 的 制作 与 应用 借助 于 遥感技术 获取 道路网 信息,该 图 的 制作 与 应用 借助 于 遥感 技术 获取 道路网 信息,DT NN DEG NN CC NN VV P term VV NN NN,,实体信息陈述_0（该图的制作与应用，借助于，遥感技术获取道路网信息）,实体信息陈述_0（该图的制作与应用，借助于，实体信息陈述_1（遥感技术，获取，道路网信息））,,,实体信息陈述,实体信息陈述 实体信息陈述,,,该 图 的 制作 与 应用 借助于 遥感技术 获取 道路网 信息,该 图 的 制作 与 应用 借助于 遥感技术 获取 道路网 信息,DT NN DEG NN CC NN VV term VV NN NN,( (IP (NP (DNP (NP (DP (DT 该)) (NP (NN 图))) (DEG 的)) (NP (NN 制作) (CC 与) (NN 应用))) (VP (VV 借助) (NP (IP (VP (PP (P 于) (NP (NN 遥感技术))) (VP (VV 获取) (NP (NN 道路网))))) (NP (NN 信息))))) )
10-A-1,该图的制作与应用借助于	遥感技术测定监测点分布,ed-mod,,,8,,该 图 的 制作 与 应用 借助 于 遥感技术 测定 监测点 分布,该 图 的 制作 与 应用 借助 于 遥感 技术 测定 监测点 分布,DT NN DEG NN CC NN VV P term VV NN NN,,实体信息陈述_0（该图的制作与应用，借助于，遥感技术测定监测点分布）,实体信息陈述_0（该图的制作与应用，借助于，实体信息陈述_1（遥感技术，测定，监测点分布））,,,实体信息陈述,实体信息陈述 实体信息陈述,,,该 图 的 制作 与 应用 借助于 遥感技术 测定 监测点 分布,该 图 的 制作 与 应用 借助于 遥感技术 测定 监测点 分布,DT NN DEG NN CC NN VV term VV NN VV,( (IP (NP (DNP (NP (DP (DT 该)) (NP (NN 图))) (DEG 的)) (NP (NN 制作) (CC 与) (NN 应用))) (VP (VV 借助) (VP (PP (P 于) (NP (NN 遥感技术))) (VP (VV 测定) (NP (NN 监测点) (NN 分布)))))) )
10-B,该图的制作与应用借助于	全球定位系统确定事故的位置，预测交通流量,y,,,8,,该 图 的 制作 与 应用 借助 于 全球定位系统 确定 事故 的 位置 ， 预测 交通 流量,该 图 的 制作 与 应用 借助 于 全球 定位 系统 确定 事故 的 位置 ， 预测 交通 流量,DT NN DEG NN CC NN VV P term VV NN DEG NN PU VV NN NN,,实体信息陈述_0（该图的制作与应用，借助于，全球定位系统确定事故的位置和预测交通流量）,实体信息陈述_0（该图的制作与应用，借助于，实体信息陈述_1（全球定位系统，确定，事故的位置）实体信息陈述_2（全球定位系统，预测，交通流量））,,,实体信息陈述,实体信息陈述 实体信息陈述 实体信息陈述,,,该 图 的 制作 与 应用 借助于 全球定位系统 确定 事故 的 位置 ， 预测 交通 流量,该 图 的 制作 与 应用 借助于 全球定位系统 确定 事故 的 位置 ， 预测 交通 流量,DT NN DEG NN CC NN VV term VV NN DEG NN PU VV NN NN,( (IP (NP (DNP (NP (DP (DT 该)) (NP (NN 图))) (DEG 的)) (NP (NN 制作) (CC 与) (NN 应用))) (VP (VP (VV 借助) (NP (DNP (PP (P 于) (NP (CP (IP (NP (NN 全球定位系统)) (VP (VV 确定)))) (NP (NN 事故)))) (DEG 的)) (NP (NN 位置)))) (PU ，) (VP (VV 预测) (NP (NN 交通) (NN 流量))))) )
10-B-0,该图的制作与应用借助于	全球定位系统确定事故的位置,ed-ori,,,8,,该 图 的 制作 与 应用 借助 于 全球定位系统 确定 事故 的 位置,该 图 的 制作 与 应用 借助 于 全球 定位 系统 确定 事故 的 位置,DT NN DEG NN CC NN VV P term VV NN DEG NN,,实体信息陈述_0（该图的制作与应用，借助于，全球定位系统确定事故的位置）,实体信息陈述_0（该图的制作与应用，借助于，实体信息陈述_1（全球定位系统，确定，事故的位置））,,,实体信息陈述,实体信息陈述 实体信息陈述,,,该 图 的 制作 与 应用 借助于 全球定位系统 确定 事故 的 位置,该 图 的 制作 与 应用 借助于 全球定位系统 确定 事故 的 位置,DT NN DEG NN CC NN VV term VV NN DEG NN,( (IP (NP (DNP (NP (DP (DT 该)) (NP (NN 图))) (DEG 的)) (NP (NN 制作) (CC 与) (NN 应用))) (VP (VV 借助) (NP (DNP (PP (P 于) (NP (CP (IP (NP (NN 全球定位系统)) (VP (VV 确定)))) (NP (NN 事故)))) (DEG 的)) (NP (NN 位置))))) )
10-B-1,该图的制作与应用借助于	全球定位系统预测交通流量,ed-mod,,,8,,该 图 的 制作 与 应用 借助 于 全球定位系统 预测 交通 流量,该 图 的 制作 与 应用 借助 于 全球 定位 系统 预测 交通 流量,DT NN DEG NN CC NN VV P term VV NN NN,,实体信息陈述_0（该图的制作与应用，借助于，全球定位系统预测交通流量）,实体信息陈述_0（该图的制作与应用，借助于，实体信息陈述_1（全球定位系统，预测，交通流量））,,,实体信息陈述,实体信息陈述 实体信息陈述,,,该 图 的 制作 与 应用 借助于 全球定位系统 预测 交通 流量,该 图 的 制作 与 应用 借助于 全球定位系统 预测 交通 流量,DT NN DEG NN CC NN VV term VV NN NN,( (IP (NP (DNP (NP (DP (DT 该)) (NP (NN 图))) (DEG 的)) (NP (NN 制作) (CC 与) (NN 应用))) (VP (VV 借助) (VP (PP (P 于) (NP (NN 全球定位系统))) (VP (VV 预测) (NP (NN 交通) (NN 流量)))))) )
10-C,该图的制作与应用借助于	地理信息系统查询事故频次，分析出警最优路径,y,,,8,,该 图 的 制作 与 应用 借助 于 地理信息系统 查询 事故 频次 ， 分析 出警 最优 路径,该 图 的 制作 与 应用 借助 于 地理 信息 系统 查询 事故 频次 ， 分析 出警 最优 路径,DT NN DEG NN CC NN VV P term VV NN NN PU VV VV JJ NN,,实体信息陈述_0（该图的制作与应用，借助于，地理信息系统查询事故频次和分析出警最优路径）,实体信息陈述_0（该图的制作与应用，借助于，实体信息陈述_1（地理信息系统，查询，事故频次）实体信息陈述_2（地理信息系统，分析，出警最优路径））,,,实体信息陈述,实体信息陈述 实体信息陈述 实体信息陈述,,,该 图 的 制作 与 应用 借助于 地理信息系统 查询 事故 频次 ， 分析 出警 最优 路径,该 图 的 制作 与 应用 借助于 地理信息系统 查询 事故 频次 ， 分析 出警 最优 路径,DT NN DEG NN CC NN VV term VV NN NN PU VV VV JJ NN,( (IP (NP (DNP (NP (DP (DT 该)) (NP (NN 图))) (DEG 的)) (NP (NN 制作) (CC 与) (NN 应用))) (VP (VP (VV 借助) (VP (PP (P 于) (NP (NN 地理信息系统))) (VP (VV 查询) (NP (NN 事故) (NN 频次))))) (PU ，) (VP (VV 分析) (VP (VV 出警) (NP (ADJP (JJ 最优)) (NP (NN 路径))))))) )
10-C-0,该图的制作与应用借助于	地理信息系统查询事故频次,ed-ori,,,8,,该 图 的 制作 与 应用 借助 于 地理信息系统 查询 事故 频次,该 图 的 制作 与 应用 借助 于 地理 信息 系统 查询 事故 频次,DT NN DEG NN CC NN VV P term VV NN NN,,实体信息陈述_0（该图的制作与应用，借助于，地理信息系统查询事故频次）,实体信息陈述_0（该图的制作与应用，借助于，实体信息陈述_1（地理信息系统，查询，事故频次））,,,实体信息陈述,实体信息陈述 实体信息陈述,,,该 图 的 制作 与 应用 借助于 地理信息系统 查询 事故 频次,该 图 的 制作 与 应用 借助于 地理信息系统 查询 事故 频次,DT NN DEG NN CC NN VV term VV NN VA,( (IP (NP (DNP (NP (DP (DT 该)) (NP (NN 图))) (DEG 的)) (NP (NN 制作) (CC 与) (NN 应用))) (VP (VV 借助) (VP (PP (P 于) (NP (NN 地理信息系统))) (VP (VV 查询) (NP (NN 事故) (NN 频次)))))) )
10-C-1,该图的制作与应用借助于	地理信息系统分析出警最优路径,ed-mod,,,8,,该 图 的 制作 与 应用 借助 于 地理信息系统 分析 出警 最优 路径,该 图 的 制作 与 应用 借助 于 地理 信息 系统 分析 出警 最优 路径,DT NN DEG NN CC NN VV P term VV VV JJ NN,,实体信息陈述_0（该图的制作与应用，借助于，地理信息系统分析出警最优路径）,实体信息陈述_0（该图的制作与应用，借助于，实体信息陈述_1（地理信息系统，分析，出警最优路径））,,,实体信息陈述,实体信息陈述 实体信息陈述,,,该 图 的 制作 与 应用 借助于 地理信息系统 分析 出警 最优 路径,该 图 的 制作 与 应用 借助于 地理信息系统 分析 出警 最优 路径,DT NN DEG NN CC NN VV term VV VV JJ NN,( (IP (NP (DNP (NP (DP (DT 该)) (NP (NN 图))) (DEG 的)) (NP (NN 制作) (CC 与) (NN 应用))) (VP (VV 借助) (VP (PP (P 于) (NP (NN 地理信息系统))) (VP (VP (VV 分析)) (VP (VV 出警) (NP (ADJP (JJ 最优)) (NP (NN 路径)))))))) )
10-D,该图的制作与应用借助于	数字地球技术，实现道路与监测点的互换,n,,,8,,该 图 的 制作 与 应用 借助 于 数字地球技术 ， 实现 道路 与 监测点 的 互换,该 图 的 制作 与 应用 借助 于 数字 地球 技术 ， 实现 道路 与 监测点 的 互换,DT NN DEG NN CC NN VV P term PU VV NN CC NN DEG NN,,实体信息陈述_0（该图的制作与应用，借助于，数字地球技术实现道路与监测点的互换）,实体信息陈述_0（该图的制作与应用，借助于，实体信息陈述_1（数字地球技术，实现，道路与监测点的互换））,,,实体信息陈述,实体信息陈述 实体信息陈述,,,该 图 的 制作 与 应用 借助于 数字地球技术 ， 实现 道路 与 监测点 的 互换,该 图 的 制作 与 应用 借助于 数字地球技术 ， 实现 道路 与 监测点 的 互换,DT NN DEG NN CC NN VV term PU VV NN CC NN DEG NN,( (IP (NP (DNP (NP (DP (DT 该)) (NP (NN 图))) (DEG 的)) (NP (NN 制作) (CC 与) (NN 应用))) (VP (VP (VV 借助) (PP (P 于) (NP (NN 数字地球技术)))) (PU ，) (VP (VV 实现) (NP (DNP (NP (NN 道路) (CC 与) (NN 监测点)) (DEG 的)) (NP (NN 互换)))))) )
11-A,根据图中交通网络，可以推断该城区	甲地是城市中心商务区所在地,None,,,,,根据 图 中 交通 网络 ， 可以 推断 该 城区 甲地 是 城市 中心 商务区 所在地,根据 图 中 交通 网络 ， 可以 推断 该 城区 甲地 是 城市 中心 商务区 所在地,P NN LC NN NN PU VV VV DT NN NN VC NN NN NN NN,,实体信息陈述_0（该城区甲地，是，城市中心商务区所在地）,实体信息陈述_0（该城区甲地，是，城市中心商务区所在地）,,,实体信息陈述,实体信息陈述,,,根据 图 中 交通 网络 ， 可以 推断 该 城区 甲地 是 城市 中心商务区 所在 地,根据 图 中 交通 网络 ， 可以 推断 该 城区 甲地 是 城市 中心商务区 所在 地,P NN LC NN NN PU VV VV DT NN NN VC NN NN NN VV NN,( (IP (VP (PP (P 根据) (NP (LCP (NP (NN 图)) (LC 中)) (NP (NN 交通) (NN 网络)))) (PU ，) (VP (VV 可以) (VP (VV 推断) (IP (NP (DP (DT 该)) (NP (NN 城区) (NN 甲地))) (VP (VC 是) (NP (NP (NN 城市) (NN 中心) (NN 商务区)) (NP (NN 所在地))))))))) )
11-B,根据图中交通网络，可以推断该城区	乙地适宜建大型地面停车场,None,,,,,根据 图 中 交通 网络 ， 可以 推断 该 城区 乙地 适宜 建 大型 地面 停车场,根据 图 中 交通 网络 ， 可以 推断 该 城区 乙地 适宜 建 大型 地面 停车场,P NN LC NN NN PU VV VV DT NN NN AD VV JJ NN NN,,实体信息陈述_0（该城区乙地，适宜，建大型地面停车场）,实体信息陈述_0（该城区乙地，适宜，建大型地面停车场）,,,实体信息陈述,实体信息陈述,,,根据 图 中 交通 网络 ， 可以 推断 该 城区 乙地 适宜 建 大型 地面 停车场,根据 图 中 交通 网络 ， 可以 推断 该 城区 乙地 适宜 建 大型 地面 停车场,P NN LC NN NN PU VV VV DT NN NN AD VV JJ NN NN,( (IP (VP (PP (P 根据) (NP (LCP (NP (NN 图)) (LC 中)) (NP (NN 交通) (NN 网络)))) (PU ，) (VP (VV 可以) (VP (VP (VV 推断) (NP (NP (DP (DT 该)) (NP (NN 城区))) (NP (NN 乙地)))) (VP (ADVP (AD 适宜)) (VP (VV 建) (NP (NP (ADJP (JJ 大型)) (NP (NN 地面))) (NP (NN 停车场))))))))) )
11-C,根据图中交通网络，可以推断该城区	对外联系主要通道在西北方向,None,,,,,根据 图 中 交通 网络 ， 可以 推断 该 城区 对外 联系 主要 通道 在 西北 方向,根据 图 中 交通 网络 ， 可以 推断 该 城区 对外 联系 主要 通道 在 西北 方向,P NN LC NN NN PU VV VV DT NN JJ NN JJ NN VV NN NN,,实体信息陈述_0（该城区，对外联系主要通道，在西北方向）,实体信息陈述_0（该城区，对外联系主要通道，在西北方向）,,,实体信息陈述,实体信息陈述,,,根据 图 中 交通 网络 ， 可以 推断 该 城区 对外 联系 主要 通道 在 西北方 向,根据 图 中 交通 网络 ， 可以 推断 该 城区 对外 联系 主要 通道 在 西北方 向,P NN LC NN NN PU VV VV DT NN JJ NN JJ NN P NN NN,( (IP (VP (PP (P 根据) (NP (LCP (NP (NN 图)) (LC 中)) (NP (NN 交通) (NN 网络)))) (PU ，) (VP (VV 可以) (VP (VP (VV 推断) (NP (NP (DP (DT 该)) (NP (NN 城区))) (NP (ADJP (JJ 对外)) (NP (NN 联系))) (ADJP (JJ 主要)) (NP (NN 通道)))) (VP (VV 在) (NP (NN 西北) (NN 方向))))))) )
11-D,根据图中交通网络，可以推断该城区	商业网点密度东部大于西部,None,,,,,根据 图 中 交通 网络 ， 可以 推断 该 城区 商业 网点 密度 东部 大于 西部,根据 图 中 交通 网络 ， 可以 推断 该 城区 商业 网点 密度 东部 大于 西部,P NN LC NN NN PU VV VV DT NN NN NN NN NN VV NN,,比较_0（该城区东部，该城区西部，商业网点密度，大于）,比较_0（该城区东部，该城区西部，商业网点密度，大于）,0_14,0_14,比较,比较,,15,根据 图 中 交通 网络 ， 可以 推断 该 城区 商业 网点 密度 东部 大于 西部,根据 图 中 交通 网络 ， 可以 推断 该 城区 商业 网点 密度 东部 大于 西部,P NN LC NN NN PU VV VV DT NN NN NN NN NN VV loc,( (IP (VP (PP (P 根据) (NP (LCP (NP (NN 图)) (LC 中)) (NP (NN 交通) (NN 网络)))) (PU ，) (VP (VV 可以) (VP (VP (VV 推断) (NP (NP (DP (DT 该)) (NP (NN 城区) (NN 商业) (NN 网点) (NN 密度))) (NP (NN 东部)))) (VP (VV 大于) (NP (NN 西部))))))) )
